config_id,season,game_month,time_series_probability,time_series_logit_offset,training_global_rate
1,2022,4,0.5142497078985624,-0.11598532323371098,0.5431423520563061
1,2022,5,0.5128694281348286,-0.1215105092922783,0.5431423520563061
1,2022,6,0.5114889520653316,-0.1270356953508456,0.5431423520563061
1,2022,7,0.5101083007237842,-0.13256088140941294,0.5431423520563061
1,2022,8,0.5087274951545917,-0.13808606746798024,0.5431423520563061
1,2022,9,0.5073465564115701,-0.14361125352654758,0.5431423520563061
1,2022,10,0.5059655055566625,-0.14913643958511488,0.5431423520563061
1,2023,4,0.5139874335241313,-0.10251252622892154,0.5395365039034485
1,2023,5,0.5130383600863072,-0.10631159594011211,0.5395365039034485
1,2023,6,0.5120891926218167,-0.11011066565130267,0.5395365039034485
1,2023,7,0.5111399379672971,-0.11390973536249324,0.5395365039034485
1,2023,8,0.5101906029618999,-0.1177088050736838,0.5395365039034485
1,2023,9,0.5092411944470945,-0.12150787478487435,0.5395365039034485
1,2023,10,0.5082917192664708,-0.12530694449606491,0.5395365039034485
1,2024,3,0.4960591808511192,-0.14225804534299966,0.5315815109059132
1,2024,4,0.4949481507673463,-0.14670252692413369,0.5315815109059132
1,2024,5,0.4938371705739569,-0.15114700850526774,0.5315815109059132
1,2024,6,0.49272625123958796,-0.15559149008640177,0.5315815109059132
1,2024,7,0.4916154037304735,-0.16003597166753583,0.5315815109059132
1,2024,8,0.4905046390100108,-0.16448045324866986,0.5315815109059132
1,2024,9,0.4893939680383273,-0.16892493482980392,0.5315815109059132
1,2024,10,0.4882834017718492,-0.17336941641093795,0.5315815109059132
2,2022,4,0.515331223019904,-0.11165547229841138,0.5431423520563061
2,2022,5,0.5140059314840164,-0.11696120803932808,0.5431423520563061
2,2022,6,0.5126804429644298,-0.12226694378024476,0.5431423520563061
2,2022,7,0.5113547760779665,-0.12757267952116144,0.5431423520563061
2,2022,8,0.5100289494514813,-0.13287841526207814,0.5431423520563061
2,2022,9,0.5087029817208153,-0.1381841510029948,0.5431423520563061
2,2022,10,0.5073768915297495,-0.1434898867439115,0.5431423520563061
2,2023,4,0.5159494287450628,-0.09465749542779797,0.5395365039034485
2,2023,5,0.5150782607532658,-0.09814552626916784,0.5395365039034485
2,2023,6,0.5142070011213016,-0.10163355711053772,0.5395365039034485
2,2023,7,0.513335655135548,-0.1051215879519076,0.5395365039034485
2,2023,8,0.5124642280844812,-0.10860961879327749,0.5395365039034485
2,2023,9,0.5115927252585484,-0.11209764963464736,0.5395365039034485
2,2023,10,0.5107211519500382,-0.11558568047601724,0.5395365039034485
2,2024,3,0.4960976263606525,-0.14210425384420272,0.5315815109059132
2,2024,4,0.49498789096642726,-0.1465435500260284,0.5315815109059132
2,2024,5,0.4938782049547721,-0.15098284620785407,0.5315815109059132
2,2024,6,0.49276857925605677,-0.15542214238967977,0.5315815109059132
2,2024,7,0.49165902479827456,-0.15986143857150545,0.5315815109059132
2,2024,8,0.4905495525066117,-0.16430073475333115,0.5315815109059132
2,2024,9,0.48944017330301703,-0.16874003093515683,0.5315815109059132
2,2024,10,0.4883308981057726,-0.1731793271169825,0.5315815109059132
3,2022,4,0.5158397943816465,-0.10961920817515555,0.5431423520563061
3,2022,5,0.5145355346670762,-0.11484106800973826,0.5431423520563061
3,2022,6,0.5132310769447165,-0.12006292784432095,0.5431423520563061
3,2022,7,0.51192643895818,-0.12528478767890366,0.5431423520563061
3,2022,8,0.5106216384609006,-0.13050664751348634,0.5431423520563061
3,2022,9,0.5093166932151664,-0.13572850734806904,0.5431423520563061
3,2022,10,0.5080116209911543,-0.14095036718265175,0.5431423520563061
3,2023,4,0.5146124825233047,-0.10001028318259089,0.5395365039034485
3,2023,5,0.5136866140627268,-0.10371672635114272,0.5395365039034485
3,2023,6,0.5127606516613633,-0.10742316951969455,0.5395365039034485
3,2023,7,0.5118346016661548,-0.11112961268824638,0.5395365039034485
3,2023,8,0.5109084704264457,-0.11483605585679821,0.5395365039034485
3,2023,9,0.5099822642938111,-0.11854249902535002,0.5395365039034485
3,2023,10,0.5090559896218821,-0.12224894219390187,0.5395365039034485
3,2024,3,0.4965076444308901,-0.1404640917839456,0.5315815109059132
3,2024,4,0.4954105909265288,-0.14485259419709373,0.5315815109059132
3,2024,5,0.4943135816119102,-0.14924109661024187,0.5315815109059132
3,2024,6,0.4932166270472669,-0.15362959902339,0.5315815109059132
3,2024,7,0.4921197377907233,-0.15801810143653813,0.5315815109059132
3,2024,8,0.4910229243978889,-0.16240660384968628,0.5315815109059132
3,2024,9,0.48992619742145216,-0.16679510626283442,0.5315815109059132
3,2024,10,0.4888295674107748,-0.17118360867598253,0.5315815109059132
4,2022,4,0.5167764513745706,-0.10586858912030774,0.5431423520563061
4,2022,5,0.5155272275068888,-0.11087070705241156,0.5431423520563061
4,2022,6,0.5142778095725435,-0.11587282498451537,0.5431423520563061
4,2022,7,0.513028213160747,-0.1208749429166192,0.5431423520563061
4,2022,8,0.5117784538696313,-0.12587706084872302,0.5431423520563061
4,2022,9,0.5105285473054713,-0.13087917878082683,0.5431423520563061
4,2022,10,0.5092785090819053,-0.13588129671293067,0.5431423520563061
4,2023,4,0.5164836139057557,-0.09251850457140626,0.5395365039034485
4,2023,5,0.5156350805468709,-0.09591614386624253,0.5395365039034485
4,2023,6,0.5147864570310875,-0.0993137831610788,0.5395365039034485
4,2023,7,0.513937748243028,-0.10271142245591508,0.5395365039034485
4,2023,8,0.513088959069281,-0.10610906175075135,0.5395365039034485
4,2023,9,0.5122400943982891,-0.10950670104558763,0.5395365039034485
4,2023,10,0.5113911591202357,-0.1129043403404239,0.5395365039034485
4,2024,3,0.49650138433990565,-0.14048913337175836,0.5315815109059132
4,2024,4,0.49540669587020325,-0.1448681757362662,0.5315815109059132
4,2024,5,0.49431205143727097,-0.14924721810077402,0.5315815109059132
4,2024,6,0.493217461533192,-0.15362626046528183,0.5315815109059132
4,2024,7,0.4921229366479583,-0.15800530282978967,0.5315815109059132
4,2024,8,0.49102848726906945,-0.1623843451942975,0.5315815109059132
4,2024,9,0.48993412388113,-0.16676338755880532,0.5315815109059132
4,2024,10,0.4888398569654482,-0.17114242992331313,0.5315815109059132
5,2022,4,0.525533434956396,-0.07077693283797194,0.5431423520563061
5,2022,5,0.5246927756514722,-0.074148075146932,0.5431423520563061
5,2022,6,0.5238519763772586,-0.07751921745589205,0.5431423520563061
5,2022,7,0.5230110418776398,-0.08089035976485211,0.5431423520563061
5,2022,8,0.5221699768995633,-0.08426150207381217,0.5431423520563061
5,2022,9,0.5213287861929331,-0.08763264438277223,0.5431423520563061
5,2022,10,0.5204874745105023,-0.09100378669173229,0.5431423520563061
5,2023,4,0.5195134821098555,-0.08038326970078671,0.5395365039034485
5,2023,5,0.518769598561367,-0.08336317177501547,0.5395365039034485
5,2023,6,0.5180256317951426,-0.08634307384924421,0.5395365039034485
5,2023,7,0.5172815851009033,-0.08932297592347296,0.5395365039034485
5,2023,8,0.5165374617697871,-0.09230287799770172,0.5395365039034485
5,2023,9,0.5157932650942904,-0.09528278007193047,0.5395365039034485
5,2023,10,0.5150489983682104,-0.09826268214615923,0.5395365039034485
5,2024,3,0.5004406109166691,-0.1247319982063416,0.5315815109059132
5,2024,4,0.4994662130978189,-0.12862959074910546,0.5315815109059132
5,2024,5,0.49849181933339287,-0.1325271832918693,0.5315815109059132
5,2024,6,0.4975174370243916,-0.13642477583463314,0.5315815109059132
5,2024,7,0.4965430735714674,-0.14032236837739698,0.5315815109059132
5,2024,8,0.4955687363746996,-0.14421996092016084,0.5315815109059132
5,2024,9,0.4945944328333703,-0.14811755346292468,0.5315815109059132
5,2024,10,0.49362017034573863,-0.15201514600568855,0.5315815109059132
6,2022,4,0.5254358443414499,-0.07116831205032134,0.5431423520563061
6,2022,5,0.5246424606816192,-0.07434982608133847,0.5431423520563061
6,2022,6,0.5238489526090511,-0.0775313401123556,0.5431423520563061
6,2022,7,0.5230553241113634,-0.08071285414337273,0.5431423520563061
6,2022,8,0.5222615791786039,-0.08389436817438987,0.5431423520563061
6,2022,9,0.52146772180317,-0.08707588220540699,0.5431423520563061
6,2022,10,0.5206737559797283,-0.09025739623642412,0.5431423520563061
6,2023,4,0.5206147411484976,-0.07597112699104874,0.5395365039034485
6,2023,5,0.5199412597631807,-0.07866949118328492,0.5395365039034485
6,2023,6,0.5192677058955825,-0.0813678553755211,0.5395365039034485
6,2023,7,0.5185940819865195,-0.08406621956775728,0.5395365039034485
6,2023,8,0.5179203904778258,-0.08676458375999346,0.5395365039034485
6,2023,9,0.5172466338123182,-0.08946294795222963,0.5395365039034485
6,2023,10,0.5165728144337601,-0.09216131214446582,0.5395365039034485
6,2024,3,0.5000083251267514,-0.12646114182221913,0.5315815109059132
6,2024,4,0.4990443980510549,-0.1303168547790554,0.5315815109059132
6,2024,5,0.49808047807855366,-0.13417256773589173,0.5315815109059132
6,2024,6,0.4971165723741146,-0.13802828069272804,0.5315815109059132
6,2024,7,0.49615268810218033,-0.14188399364956433,0.5315815109059132
6,2024,8,0.49518883242655637,-0.14573970660640065,0.5315815109059132
6,2024,9,0.4942250125101977,-0.14959541956323696,0.5315815109059132
6,2024,10,0.4932612355149967,-0.15345113252007328,0.5315815109059132
7,2022,4,0.5264788318089586,-0.06698508629473042,0.5431423520563061
7,2022,5,0.5249746037852627,-0.07301797479510547,0.5431423520563061
7,2022,6,0.5210776612663057,-0.08863895376357638,0.5431423520563061
7,2022,7,0.5155154464538919,-0.11091787671933755,0.5431423520563061
7,2022,8,0.5094636165962246,-0.1351406064669373,0.5431423520563061
7,2022,9,0.50423175640466,-0.15607216435080873,0.5431423520563061
7,2022,10,0.5009100378939274,-0.16935943855842286,0.5431423520563061
7,2023,4,0.5258861671177374,-0.05483953210548298,0.5395365039034485
7,2023,5,0.5249094168722215,-0.05875664123724117,0.5395365039034485
7,2023,6,0.5208747401366669,-0.07492933770255489,0.5395365039034485
7,2023,7,0.5146319929458018,-0.09993217469113733,0.5395365039034485
7,2023,8,0.5076252052998219,-0.12797367637043847,0.5395365039034485
7,2023,9,0.5015071712646713,-0.15244815915796125,0.5395365039034485
7,2023,10,0.4976928021690343,-0.1677057193026472,0.5395365039034485
7,2024,3,0.4978945442206388,-0.13491631522516323,0.5315815109059132
7,2024,4,0.499929469524473,-0.12677656423320754,0.5315815109059132
7,2024,5,0.5001144929505674,-0.1260364705189539,0.5315815109059132
7,2024,6,0.4981109505792501,-0.13405067596500161,0.5315815109059132
7,2024,7,0.49416684647402886,-0.14982811506364674,0.5315815109059132
7,2024,8,0.48905096866814196,-0.17029757011931776,0.5315815109059132
7,2024,9,0.4838465836597095,-0.19113060154988415,0.5315815109059132
7,2024,10,0.4796595050791753,-0.2079013497771751,0.5315815109059132
8,2022,4,0.52732464764393,-0.06359199978059939,0.5431423520563061
8,2022,5,0.5269707301825607,-0.06501185540347372,0.5431423520563061
8,2022,6,0.5237651372703261,-0.07786736326666488,0.5431423520563061
8,2022,7,0.5182694484792061,-0.09988925232546328,0.5431423520563061
8,2022,8,0.5116597525526547,-0.12635212709628058,0.5431423520563061
8,2022,9,0.5054145284822645,-0.15134063356039473,0.5431423520563061
8,2022,10,0.500916279138663,-0.16933447349621092,0.5431423520563061
8,2023,4,0.5272894712882492,-0.049210394463717555,0.5395365039034485
8,2023,5,0.527149996136229,-0.04976995341549814,0.5395365039034485
8,2023,6,0.5235625264256528,-0.06415689437273724,0.5395365039034485
8,2023,7,0.5172744293114602,-0.08935163330154082,0.5395365039034485
8,2023,8,0.5097583150014345,-0.11943864542957548,0.5395365039034485
8,2023,9,0.5028213043430257,-0.14719152533162141,0.5395365039034485
8,2023,10,0.49811690041570833,-0.16600929642743992,0.5395365039034485
8,2024,3,0.49436643752385334,-0.14902964586655812,0.5315815109059132
8,2024,4,0.4971815296960122,-0.1377684429570213,0.5315815109059132
8,2024,5,0.4985290526361664,-0.13237824875888216,0.5315815109059132
8,2024,6,0.49775580947867326,-0.13547126469590942,0.5315815109059132
8,2024,7,0.49477714483324076,-0.1473866228869304,0.5315815109059132
8,2024,8,0.4901000256165465,-0.1660995159684639,0.5315815109059132
8,2024,9,0.4846874648129563,-0.18776374259259337,0.5315815109059132
8,2024,10,0.4796992033517326,-0.20774229397206895,0.5315815109059132
9,2022,4,0.5273827982472987,-0.06335869912023018,0.5431423520563061
9,2022,5,0.5258050393621496,-0.06968764421637524,0.5431423520563061
9,2022,6,0.5219905448401444,-0.08498063273312963,0.5431423520563061
9,2022,7,0.5166593473597255,-0.10633752943490266,0.5431423520563061
9,2022,8,0.5109398073980214,-0.12923337978495147,0.5431423520563061
9,2022,9,0.5060668838082657,-0.1487308678592888,0.5431423520563061
9,2022,10,0.503049044202643,-0.1608032661612926,0.5431423520563061
9,2023,4,0.5260783566550131,-0.054068692439393454,0.5395365039034485
9,2023,5,0.5248826771625688,-0.058863865912936644,0.5395365039034485
9,2023,6,0.5208575735921668,-0.07499812367725323,0.5395365039034485
9,2023,7,0.5148548857005729,-0.09903982778299265,0.5395365039034485
9,2023,8,0.5082588277977617,-0.12543854641942775,0.5395365039034485
9,2023,9,0.5026161198364439,-0.148012287635783,0.5395365039034485
9,2023,10,0.49921822648308456,-0.16160395909206055,0.5395365039034485
9,2024,3,0.49883769620604396,-0.1311436658795564,0.5315815109059132
9,2024,4,0.5004623066984154,-0.1246452150085921,0.5315815109059132
9,2024,5,0.5003227992604217,-0.12520324510815192,0.5315815109059132
9,2024,6,0.4981707699611208,-0.13381139512903192,0.5315815109059132
9,2024,7,0.4942972876557386,-0.14930628089013676,0.5315815109059132
9,2024,8,0.48945536853328897,-0.1686792229302913,0.5315815109059132
9,2024,9,0.48465782340664254,-0.18788241974014658,0.5315815109059132
9,2024,10,0.48090451439711146,-0.20291355290773136,0.5315815109059132
10,2022,4,0.5282150764906932,-0.06001926275521677,0.5431423520563061
10,2022,5,0.5275562423577971,-0.06266282230745465,0.5431423520563061
10,2022,6,0.5242766579805986,-0.07581654693205363,0.5431423520563061
10,2022,7,0.5189712200814661,-0.0970782669884939,0.5431423520563061
10,2022,8,0.5127787946169471,-0.12187328200805862,0.5431423520563061
10,2022,9,0.5070793884134014,-0.14468014799004078,0.5431423520563061
10,2022,10,0.5031223219861919,-0.16051014386278634,0.5431423520563061
10,2023,4,0.5275551601399188,-0.048144432689420494,0.5395365039034485
10,2023,5,0.5270418108305255,-0.050203969236831486,0.5395365039034485
10,2023,6,0.5233611870088607,-0.06496402922858904,0.5395365039034485
10,2023,7,0.517290208381751,-0.08928844152425963,0.5395365039034485
10,2023,8,0.5102482115276388,-0.11747827450744944,0.5395365039034485
10,2023,9,0.5039194202841194,-0.14279886021013735,0.5395365039034485
10,2023,10,0.49979812984100613,-0.15928434315599793,0.5395365039034485
10,2024,3,0.4956686472456113,-0.14382028674682334,0.5315815109059132
10,2024,4,0.49792417540228934,-0.1347977884263101,0.5315815109059132
10,2024,5,0.49878306443281406,-0.13136219420973422,0.5315815109059132
10,2024,6,0.4977269272182977,-0.1355867960949394,0.5315815109059132
10,2024,7,0.49475071777333013,-0.14749234272043313,0.5315815109059132
10,2024,8,0.49036443370984406,-0.16504147978445444,0.5315815109059132
10,2024,9,0.48545654977896857,-0.1846846574848269,0.5315815109059132
10,2024,10,0.4810548773386989,-0.2023112295219459,0.5315815109059132
11,2022,4,0.5326269142645544,-0.042306225830946786,0.5431423520563061
11,2022,5,0.5313252422761495,-0.04753429896881456,0.5431423520563061
11,2022,6,0.5285736424944573,-0.05858035827029723,0.5431423520563061
11,2022,7,0.5249041431494853,-0.07330052028060442,0.5431423520563061
11,2022,8,0.5210957602861682,-0.08856642869120719,0.5431423520563061
11,2022,9,0.5179662864321017,-0.10110349488634529,0.5431423520563061
11,2022,10,0.5161521960189296,-0.1083683213181641,0.5431423520563061
11,2023,4,0.5273080428279899,-0.04913588620392746,0.5395365039034485
11,2023,5,0.5259143569439881,-0.05472646941999108,0.5395365039034485
11,2023,6,0.5227632983967753,-0.06736068276902711,0.5395365039034485
11,2023,7,0.5185114492832752,-0.08439720609050516,0.5395365039034485
11,2023,8,0.5141116859429078,-0.1020151238219475,0.5395365039034485
11,2023,9,0.5105582118254852,-0.11623773623824252,0.5395365039034485
11,2023,10,0.5086188335753277,-0.12399811293152943,0.5395365039034485
11,2024,3,0.503421874913051,-0.1128067289776142,0.5315815109059132
11,2024,4,0.503705457636901,-0.11167234042614374,0.5315815109059132
11,2024,5,0.502742102467092,-0.11552592249506895,0.5315815109059132
11,2024,6,0.5005340315345593,-0.12435831537872206,0.5315815109059132
11,2024,7,0.497417060825447,-0.13682629093436166,0.5315815109059132
11,2024,8,0.4939707854406504,-0.15061246957827093,0.5315815109059132
11,2024,9,0.49086306276384223,-0.163046260273771,0.5315815109059132
11,2024,10,0.4886706892413839,-0.17181944324281284,0.5315815109059132
12,2022,4,0.5325943266006247,-0.04243713334242866,0.5431423520563061
12,2022,5,0.5316546489705652,-0.04621142500702208,0.5431423520563061
12,2022,6,0.5291009944081859,-0.056463910340914775,0.5431423520563061
12,2022,7,0.5254254745281544,-0.07120989888339224,0.5431423520563061
12,2022,8,0.5214216099289715,-0.08726066961781295,0.5431423520563061
12,2022,9,0.5179726803363547,-0.10107788619290567,0.5431423520563061
12,2022,10,0.5158141992741684,-0.1097216912906423,0.5431423520563061
12,2023,4,0.5283927795571193,-0.04478343371999369,0.5395365039034485
12,2023,5,0.5272700198592598,-0.049288432478414024,0.5395365039034485
12,2023,6,0.5242298539915585,-0.06148147274669201,0.5395365039034485
12,2023,7,0.5199161465664904,-0.0787701038045693,0.5395365039034485
12,2023,8,0.5153152942759186,-0.0971965154947549,0.5395365039034485
12,2023,9,0.5114926834472746,-0.11249803025836708,0.5395365039034485
12,2023,10,0.5093058198688544,-0.12124928414442987,0.5395365039034485
12,2024,3,0.5013297988143074,-0.12117523453024136,0.5315815109059132
12,2024,4,0.5018111772910684,-0.11924970147766857,0.5315815109059132
12,2024,5,0.5013080388274693,-0.12126227508325149,0.5315815109059132
12,2024,6,0.49970029242829933,-0.12769327275960965,0.5315815109059132
12,2024,7,0.49716386631062115,-0.13783909875778017,0.5315815109059132
12,2024,8,0.4941236881382989,-0.1500007720799502,0.5315815109059132
12,2024,9,0.4911397464122071,-0.16193916706577685,0.5315815109059132
12,2024,10,0.48875675984861033,-0.17147498530482777,0.5315815109059132
13,2022,4,0.5329960969115835,-0.04082310830724209,0.5431423520563061
13,2022,5,0.5262495703998715,-0.06790468870360114,0.5431423520563061
13,2022,6,0.5171987509951103,-0.10417743841758492,0.5431423520563061
13,2022,7,0.5144055071959744,-0.11536161389794647,0.5431423520563061
13,2022,8,0.5154455690525008,-0.11119765451601302,0.5431423520563061
13,2022,9,0.5104239435091749,-0.1312977777353595,0.5431423520563061
13,2022,10,0.49394164562091014,-0.19723419771461087,0.5431423520563061
13,2023,4,0.5291635009503741,-0.04169030082639731,0.5395365039034485
13,2023,5,0.525519572176909,-0.05630979718439,0.5395365039034485
13,2023,6,0.5164681062017227,-0.09258060281480117,0.5395365039034485
13,2023,7,0.511523579274443,-0.1123743814468999,0.5395365039034485
13,2023,8,0.5107103643067367,-0.11562885087781762,0.5395365039034485
13,2023,9,0.5056088952142616,-0.13604034045901697,0.5395365039034485
13,2023,10,0.49002457974362706,-0.19838383886867572,0.5395365039034485
13,2024,3,0.4908356738007341,-0.16315585283275066,0.5315815109059132
13,2024,4,0.5013895953625346,-0.12093604656822747,0.5315815109059132
13,2024,5,0.5009929094282435,-0.1225227993955551,0.5315815109059132
13,2024,6,0.4952503070506878,-0.14549378562991522,0.5315815109059132
13,2024,7,0.4914337122288797,-0.1607629465654132,0.5315815109059132
13,2024,8,0.49050698428970485,-0.16447106874623202,0.5315815109059132
13,2024,9,0.486638367095451,-0.17995370204444056,0.5315815109059132
13,2024,10,0.47456426883907815,-0.22832527053583523,0.5315815109059132
14,2022,4,0.5346604343288228,-0.03413513879618957,0.5431423520563061
14,2022,5,0.5278292138971188,-0.06156757640240659,0.5431423520563061
14,2022,6,0.519061261317125,-0.09671758032256583,0.5431423520563061
14,2022,7,0.5169119839065884,-0.1053258430205577,0.5431423520563061
14,2022,8,0.5181448934321683,-0.10038813403549939,0.5431423520563061
14,2022,9,0.5121252201588673,-0.12448920263377956,0.5431423520563061
14,2022,10,0.493687986456343,-0.1982489896842164,0.5431423520563061
14,2023,4,0.5299002307739354,-0.0387330645988746,0.5395365039034485
14,2023,5,0.5280232202540661,-0.04626639090485571,0.5395365039034485
14,2023,6,0.5190334556559673,-0.08230623293139289,0.5395365039034485
14,2023,7,0.5133920797685457,-0.10489572807174394,0.5395365039034485
14,2023,8,0.5121553573166122,-0.10984585121428363,0.5395365039034485
14,2023,9,0.5069064886382251,-0.13084915072664643,0.5395365039034485
14,2023,10,0.4905483343119217,-0.19628802942062734,0.5395365039034485
14,2024,3,0.48491623557531754,-0.1868478132679226,0.5315815109059132
14,2024,4,0.4976449945089508,-0.13591453395291347,0.5315815109059132
14,2024,5,0.49993229339850725,-0.12676526873685415,0.5315815109059132
14,2024,6,0.4956967405771674,-0.14370790504178002,0.5315815109059132
14,2024,7,0.4919369352390981,-0.15874949756453832,0.5315815109059132
14,2024,8,0.49069271981743234,-0.1637278639401885,0.5315815109059132
14,2024,9,0.4871743837928078,-0.1778081636988114,0.5315815109059132
14,2024,10,0.47588577578174474,-0.2230262294546061,0.5315815109059132
15,2022,4,0.5319027859368763,-0.0452148514145963,0.5431423520563061
15,2022,5,0.5253820113831501,-0.0713842014081661,0.5431423520563061
15,2022,6,0.519308638917088,-0.09572661094846846,0.5431423520563061
15,2022,7,0.5167323967124905,-0.10604500585702338,0.5431423520563061
15,2022,8,0.5150076546161344,-0.11295093836736578,0.5431423520563061
15,2022,9,0.5095479130335072,-0.13480329880111167,0.5431423520563061
15,2022,10,0.4998153578679268,-0.17373816271555356,0.5431423520563061
15,2023,4,0.5287416267267386,-0.04338347504233975,0.5395365039034485
15,2023,5,0.5243663458964596,-0.06093421271949742,0.5395365039034485
15,2023,6,0.5181296837622608,-0.08592632119734102,0.5395365039034485
15,2023,7,0.5136902656495029,-0.10370210904846397,0.5395365039034485
15,2023,8,0.5103018789690508,-0.11726351404691729,0.5395365039034485
15,2023,9,0.504720625069179,-0.1395938011249962,0.5395365039034485
15,2023,10,0.49600612928837134,-0.17445268510230863,0.5395365039034485
15,2024,3,0.49906160148811185,-0.1302480407839684,0.5315815109059132
15,2024,4,0.5018844212168884,-0.11895672177250981,0.5315815109059132
15,2024,5,0.5001288349400452,-0.12597910255764197,0.5315815109059132
15,2024,6,0.49646887717252325,-0.1406191684673072,0.5315815109059132
15,2024,7,0.49332134007932515,-0.15321067097283197,0.5315815109059132
15,2024,8,0.49047578036521844,-0.16459592960080086,0.5315815109059132
15,2024,9,0.4859200304817832,-0.1828292143754418,0.5315815109059132
15,2024,10,0.4788714618244302,-0.21105895352453752,0.5315815109059132
16,2022,4,0.5334572724342668,-0.03897022365098188,0.5431423520563061
16,2022,5,0.526642418473674,-0.06632888792527261,0.5431423520563061
16,2022,6,0.5211152891491976,-0.08848817380666331,0.5431423520563061
16,2022,7,0.519350416000578,-0.09555925249342977,0.5431423520563061
16,2022,8,0.5176123221365693,-0.10252114664457992,0.5431423520563061
16,2022,9,0.5108951237947122,-0.1294121994531265,0.5431423520563061
16,2022,10,0.49946593918098203,-0.17513583824216217,0.5431423520563061
16,2023,4,0.5299639564772706,-0.03847724499913267,0.5395365039034485
16,2023,5,0.5265092138920853,-0.05234048410478752,0.5395365039034485
16,2023,6,0.520655094018669,-0.07580944012531882,0.5395365039034485
16,2023,7,0.5159312179448475,-0.09473041274004626,0.5395365039034485
16,2023,8,0.5119044783803269,-0.11084994822789483,0.5395365039034485
16,2023,9,0.5057805224972408,-0.1353537422556358,0.5395365039034485
16,2023,10,0.49682230249399106,-0.17118782363836485,0.5395365039034485
16,2024,3,0.49521878684197285,-0.14561987791880965,0.5315815109059132
16,2024,4,0.4987225621631253,-0.1316042047945498,0.5315815109059132
16,2024,5,0.4987887257735878,-0.13133954871311654,0.5315815109059132
16,2024,6,0.4966683357550557,-0.1398212965485458,0.5315815109059132
16,2024,7,0.4939467992140264,-0.1507084284933245,0.5315815109059132
16,2024,8,0.49081315484491356,-0.16324595900069627,0.5315815109059132
16,2024,9,0.4862620568429805,-0.18146004936756158,0.5315815109059132
16,2024,10,0.4799222510651109,-0.20684864607603187,0.5315815109059132
17,2022,4,0.5327845060230889,-0.04167315007944236,0.5431423520563061
17,2022,5,0.530959520017589,-0.04900288529101521,0.5431423520563061
17,2022,6,0.528253864701942,-0.05986361358520252,0.5431423520563061
17,2022,7,0.5250877222618335,-0.0725643640310191,0.5431423520563061
17,2022,8,0.5216512565359263,-0.08634037577846397,0.5431423520563061
17,2022,9,0.5183082133099209,-0.09973398526679318,0.5431423520563061
17,2022,10,0.5158530921881965,-0.10956596346788848,0.5431423520563061
17,2023,4,0.5272848126350073,-0.04922908474292416,0.5395365039034485
17,2023,5,0.5262118570179786,-0.05353322687880066,0.5395365039034485
17,2023,6,0.522908007842492,-0.06678063507903848,0.5395365039034485
17,2023,7,0.5182574511113196,-0.08541457423325634,0.5395365039034485
17,2023,8,0.5136893211011327,-0.10370589007636119,0.5395365039034485
17,2023,9,0.5104254902714441,-0.11676885631806894,0.5395365039034485
17,2023,10,0.5089684027368413,-0.122599403592413,0.5395365039034485
17,2024,3,0.5031348980786516,-0.11395468569885053,0.5315815109059132
17,2024,4,0.5034638263076491,-0.11263891544260045,0.5315815109059132
17,2024,5,0.5028259017859151,-0.1151907148266582,0.5315815109059132
17,2024,6,0.5008521898788433,-0.12308567951313576,0.5315815109059132
17,2024,7,0.4976364908314521,-0.13594854942024226,0.5315815109059132
17,2024,8,0.493889779721304,-0.15093654021331937,0.5315815109059132
17,2024,9,0.4906446465550586,-0.163920223987662,0.5315815109059132
17,2024,10,0.4886939420817242,-0.17172638420171255,0.5315815109059132
18,2022,4,0.5325082501265965,-0.042782904738047106,0.5431423520563061
18,2022,5,0.5310032453098793,-0.04882731002080694,0.5431423520563061
18,2022,6,0.5289960161489898,-0.05688524549607425,0.5431423520563061
18,2022,7,0.5262834310723422,-0.0677688711958834,0.5431423520563061
18,2022,8,0.5225594328557045,-0.08270055515181779,0.5431423520563061
18,2022,9,0.5183406854333926,-0.09960392207955994,0.5431423520563061
18,2022,10,0.5151220684866054,-0.11249286704623258,0.5431423520563061
18,2023,4,0.5280881241704,-0.04600595526196255,0.5395365039034485
18,2023,5,0.5276727908724061,-0.04767247021197374,0.5395365039034485
18,2023,6,0.5247779270255062,-0.05928390234634519,0.5395365039034485
18,2023,7,0.5199730490171098,-0.07854213126380888,0.5395365039034485
18,2023,8,0.5148484400827029,-0.09906563302211444,0.5395365039034485
18,2023,9,0.5111187663673364,-0.11399446374101663,0.5395365039034485
18,2023,10,0.5096523096783107,-0.11986282654337777,0.5395365039034485
18,2024,3,0.5008568927292117,-0.12306686805671377,0.5315815109059132
18,2024,4,0.5012029592164616,-0.12168259617900035,0.5315815109059132
18,2024,5,0.5013757244763846,-0.1209915305371164,0.5315815109059132
18,2024,6,0.5004361328676441,-0.12474991041621053,0.5315815109059132
18,2024,7,0.49783527982214515,-0.1351533771420979,0.5315815109059132
18,2024,8,0.4941077704690852,-0.15006445157632903,0.5315815109059132
18,2024,9,0.49063629484186755,-0.16395364255039666,0.5315815109059132
18,2024,10,0.48864215365489644,-0.1719336443689241,0.5315815109059132
