number,value,params_iterations,params_official_weight,user_attrs_all_development_folds_non_degraded,user_attrs_maximum_development_fold_brier_delta,state
0,2.005387129545024,10,0.5,False,0.0008239453738733138,COMPLETE
1,2.004607635303145,50,0.5,False,4.445113199455508e-05,COMPLETE
2,1.0031243138267367,100,0.5,True,-4.302387609744773e-05,COMPLETE
3,1.0032422448135785,150,0.5,True,-5.114186441221302e-05,COMPLETE
4,1.0032661105031149,200,0.5,True,-5.436408166906159e-05,COMPLETE
5,1.0035368246793859,300,0.5,True,-1.146280221447915e-05,COMPLETE
6,2.0045820236474485,400,0.5,False,1.8839476298271318e-05,COMPLETE
7,1.0045631841711506,10,1.0,True,0.0,COMPLETE
8,1.0032539475214606,120,0.5610191174223894,True,-5.248717990943841e-05,COMPLETE
9,1.004052527637968,290,0.811649063413779,True,-3.3350202500614934e-05,COMPLETE
10,1.003899267934915,370,0.7136067493281016,True,-2.8567307833154976e-05,COMPLETE
11,1.0033793052887283,150,0.5686960502078494,True,-5.662805532652415e-05,COMPLETE
12,1.0036157133546495,100,0.7038416871537123,True,-5.350200257339677e-05,COMPLETE
13,1.0035703199971897,210,0.6586892719059066,True,-6.10520897571798e-05,COMPLETE
14,1.0031392299431041,100,0.5071008872167593,True,-4.4036953229686926e-05,COMPLETE
15,1.003240208462373,100,0.5533231378699279,True,-4.9488254121904385e-05,COMPLETE
16,1.003400225387127,90,0.6423333144589319,True,-4.9201558195571815e-05,COMPLETE
17,1.0042476424809084,270,0.8878591856443669,True,-2.5235327147293818e-05,COMPLETE
18,2.004595961716544,40,0.6430142360828874,False,3.277754539363076e-05,COMPLETE
19,1.003359199126799,100,0.6042238260235387,True,-5.319812702711535e-05,COMPLETE
20,1.003631573666404,240,0.6314153573435832,True,-4.695812211996664e-05,COMPLETE
21,1.0036505982570847,330,0.5780545957082476,True,-2.2440325711164943e-05,COMPLETE
22,1.0031636915551485,100,0.5185858217216417,True,-4.557649604297609e-05,COMPLETE
23,1.0031662641482788,100,0.5197824483041831,True,-4.572986410034119e-05,COMPLETE
24,1.0035808990074495,350,0.5226410074277421,True,-1.0756414495327604e-05,COMPLETE
25,1.0031444243476892,100,0.5095561071424406,True,-4.4376355373909604e-05,COMPLETE
26,2.0046675759666193,30,0.5988683259344625,False,0.00010439179546889443,COMPLETE
27,1.003286491288419,220,0.5012966220405316,True,-5.44428615818493e-05,COMPLETE
28,1.003616157442264,280,0.6093046055815488,True,-4.440389529233868e-05,COMPLETE
29,2.0049193385833957,20,0.5006556864685262,False,0.0003561544122451521,COMPLETE
30,1.0035301384587454,320,0.5032143079220865,True,-1.8620194303320403e-05,COMPLETE
31,1.003418078696982,230,0.510685225727795,True,-4.7740818158031884e-05,COMPLETE
32,1.0031327829669212,100,0.5040410497098644,True,-4.36061438357227e-05,COMPLETE
33,1.0032400690213195,130,0.5060400504918654,True,-4.5887958531970474e-05,COMPLETE
34,1.0032809673947252,160,0.5043544170020432,True,-3.916696442340939e-05,COMPLETE
35,2.0045640793313244,380,0.5147115385237636,False,8.951601738749204e-07,COMPLETE
36,1.0028712206860162,80,0.5017486508824168,True,-2.9221952109692584e-05,COMPLETE
37,1.0029443526196442,80,0.5293767364972023,True,-3.3946863228190294e-05,COMPLETE
38,1.0029357234096141,80,0.5261638802549533,True,-3.3435664232861484e-05,COMPLETE
39,1.0029794677193176,80,0.542326977217197,True,-3.590528785263336e-05,COMPLETE
40,1.0031289414110465,80,0.5953970337256149,True,-4.222183278299041e-05,COMPLETE
41,1.0033960501251846,180,0.5815823396127748,True,-5.423046521343955e-05,COMPLETE
42,1.003296883374989,110,0.5724367269340168,True,-4.907849893337479e-05,COMPLETE
43,1.0029857449239734,80,0.5446214590030618,True,-3.623521392048801e-05,COMPLETE
44,1.002932231971472,80,0.5248604511141931,True,-3.3225403879011406e-05,COMPLETE
45,1.0031278268720953,80,0.5950127537706292,True,-4.218597136765312e-05,COMPLETE
46,1.0029083465452515,80,0.515888782158897,True,-3.1733193566363394e-05,COMPLETE
47,1.0032415326848965,190,0.5001321357143796,True,-5.312193654061215e-05,COMPLETE
48,1.004528217753277,340,0.9877337360833707,True,-2.9061014907016958e-06,COMPLETE
49,1.0028781753820666,80,0.5044160198099046,True,-2.9710592999415697e-05,COMPLETE
50,1.0028866711701276,80,0.5076627416093268,True,-3.029600220677553e-05,COMPLETE
51,1.0029435030685163,80,0.5290609704102561,True,-3.3897067733074104e-05,COMPLETE
52,1.002893657022288,80,0.5103228832672667,True,-3.076798307846684e-05,COMPLETE
53,1.0035912898000392,310,0.5471964236870539,True,-1.898056761798217e-05,COMPLETE
54,1.0030474631881907,90,0.5002215875482008,True,-3.683859123770894e-05,COMPLETE
55,2.0053648521281504,10,0.5073402505882273,False,0.0008016679569998741,COMPLETE
56,1.0032797598825216,170,0.5189464444469387,True,-4.96851560048972e-05,COMPLETE
57,1.0036420663869456,340,0.5784890435253127,True,-2.3138620110607633e-05,COMPLETE
58,1.0032378661631425,210,0.5076275556374442,True,-5.804071818196754e-05,COMPLETE
59,1.0040140732271408,320,0.7825269757813548,True,-3.367785921570832e-05,COMPLETE
60,1.0034493182256998,290,0.5025222558638981,True,-2.6838100297188472e-05,COMPLETE
61,1.0028800602674917,80,0.5051374483135203,True,-2.9841560679449985e-05,COMPLETE
62,2.0045693541992353,60,0.5053553393736339,False,6.170028084728774e-06,COMPLETE
63,1.0034731919297482,270,0.5185060032189289,True,-3.732521020560764e-05,COMPLETE
64,1.0028788563931998,80,0.5046767458059536,True,-2.9757983615180672e-05,COMPLETE
65,1.0035908241544567,370,0.5055837678544315,True,-2.238115957536868e-06,COMPLETE
66,1.0031328641112787,70,0.5844392390545446,True,-2.831495478303192e-05,COMPLETE
67,1.0034105400321696,240,0.5097869103287224,True,-3.9011842106112526e-05,COMPLETE
68,1.0035670440120827,260,0.5898406480079028,True,-4.492761155930336e-05,COMPLETE
69,1.0042378127802798,240,0.8877677333975077,True,-2.5615539839596302e-05,COMPLETE
70,2.004651763373155,40,0.5177289502147562,False,8.857920200464053e-05,COMPLETE
71,1.0029008093334777,80,0.5130375761666442,True,-3.1242526606023446e-05,COMPLETE
72,1.0034249380560802,250,0.5121977053564781,True,-3.642613188853394e-05,COMPLETE
73,1.0038551015546455,390,0.6261949493314513,True,-2.0501420204266374e-05,COMPLETE
74,1.0028941605080535,80,0.5105142750914246,True,-3.080167497720998e-05,COMPLETE
75,1.003262105556597,140,0.5107916491660979,True,-4.881892084990236e-05,COMPLETE
76,1.00372076324449,360,0.607335696605362,True,-2.0544810291012183e-05,COMPLETE
77,1.0028798022493735,80,0.5050387308493008,True,-2.982366955284199e-05,COMPLETE
78,1.0037484126889673,170,0.7261628714596737,True,-5.2176182148810923e-05,COMPLETE
79,2.0046030472716154,50,0.5116950516626779,False,3.986310046510955e-05,COMPLETE
80,1.0032486862160774,150,0.5033950180548877,True,-5.150657324340391e-05,COMPLETE
81,1.0033050356791082,200,0.5204345603893232,True,-5.6033765227808674e-05,COMPLETE
82,1.002868549959764,80,0.5007220213389196,True,-2.90320321712223e-05,COMPLETE
83,1.003543288362004,300,0.5050221289842647,True,-1.2343499112527079e-05,COMPLETE
84,1.003137099304701,120,0.5085144102189293,True,-4.754253534203223e-05,COMPLETE
85,1.0039541612761256,400,0.6483900816759381,True,-1.238452845889193e-05,COMPLETE
86,2.0047364779594874,30,0.5033749771608601,False,0.0001732937883371921,COMPLETE
87,1.0035930361578567,360,0.5110124234776048,True,-4.089398996182103e-06,COMPLETE
88,1.0029013270387799,80,0.5132337290202391,True,-3.127653675311093e-05,COMPLETE
89,1.0034191639077383,80,0.6904833109695963,True,-4.6666100186831816e-05,COMPLETE
90,1.0037351847750213,390,0.511398784409186,True,-1.6443493522366737e-07,COMPLETE
91,1.0029154368174416,80,0.5185620347720111,True,-3.218603355290006e-05,COMPLETE
92,2.004770701058612,20,0.6212942903446629,False,0.0002075168874618727,COMPLETE
93,1.003556746418066,330,0.5095358609327187,True,-1.1324905516196804e-05,COMPLETE
94,1.0028790000657952,80,0.504731740475803,True,-2.976797120182728e-05,COMPLETE
95,1.0028718582494154,80,0.5019935405002675,True,-2.9267103272473394e-05,COMPLETE
96,2.0045778617473986,400,0.5150868146018684,False,1.4677576248262048e-05,COMPLETE
97,1.0032585594462238,60,0.642402875541615,True,-2.3203484946859865e-05,COMPLETE
98,1.0036852901241946,320,0.6096987253535127,True,-3.209107321547333e-05,COMPLETE
99,1.0032745812006885,180,0.5235294376640385,True,-5.040134468270452e-05,COMPLETE
100,1.002886272955592,80,0.5075108469306959,True,-3.026884367796079e-05,COMPLETE
101,1.0029347474836148,70,0.509733142455292,True,-1.4779804627690352e-05,COMPLETE
102,1.003442794294305,280,0.5062610282318576,True,-3.588590798075941e-05,COMPLETE
103,1.0031537648628912,110,0.5070263352958841,True,-4.217353263760715e-05,COMPLETE
104,1.0034379640320377,130,0.6014508032560091,True,-5.332015715731053e-05,COMPLETE
105,1.0028674888296816,80,0.5003137639455534,True,-2.895622145596133e-05,COMPLETE
106,1.003541077865837,340,0.5053907372378097,True,-1.1079087698873114e-05,COMPLETE
107,1.0040021769693857,150,0.8203227697355975,True,-4.269074478363555e-05,COMPLETE
108,1.0037033272093379,350,0.6087957690472366,True,-2.394470899194645e-05,COMPLETE
109,1.0034466970562954,260,0.5195001073457576,True,-3.921798495912232e-05,COMPLETE
110,1.0030706042241082,80,0.5750605388994752,True,-4.0126060599915414e-05,COMPLETE
111,1.0029149179498789,80,0.5183666957916568,True,-3.2153179862326464e-05,COMPLETE
112,1.0029260243157851,80,0.5225380003790461,True,-3.284665467795378e-05,COMPLETE
113,1.0034891612471355,220,0.6033047268973017,True,-5.9670954864032844e-05,COMPLETE
114,1.0028800097743487,80,0.5051181306224847,True,-2.9838060372655573e-05,COMPLETE
115,1.003535790388521,230,0.5787858398551817,True,-5.248386833486829e-05,COMPLETE
116,1.0031280484670786,80,0.5950891700231028,True,-4.219311409126014e-05,COMPLETE
117,1.0028868028487565,80,0.5077129628584541,True,-3.0304976736339473e-05,COMPLETE
118,1.002903045126215,80,0.5138843615529264,True,-3.1389078581522956e-05,COMPLETE
119,1.0034905372354164,160,0.6087708592808273,True,-4.821098149410119e-05,COMPLETE
120,1.003485039675624,190,0.6165692524673967,True,-5.856271805984581e-05,COMPLETE
121,1.0028991085800467,80,0.5123928527505285,True,-3.113047622330112e-05,COMPLETE
122,1.0044670590680689,30,0.985819617277765,True,-1.4171108453364667e-06,COMPLETE
123,1.0028816038833017,80,0.505727786657096,True,-2.9948352663983213e-05,COMPLETE
124,1.002871625768061,80,0.5019042523444363,True,-2.9250647675865826e-05,COMPLETE
125,1.0035579068631346,350,0.5042615781351737,True,-7.08099333390777e-06,COMPLETE
126,1.0037026483459035,380,0.5832982086591296,True,-1.2557412009978064e-05,COMPLETE
127,2.0050556569266544,10,0.62218299587027,False,0.000492472755504153,COMPLETE
128,1.0037073793548967,300,0.6168242649671795,True,-2.6719672880731737e-05,COMPLETE
129,1.0032086315137312,90,0.5682723446015954,True,-4.502217856067192e-05,COMPLETE
130,1.0028819654157495,80,0.5058659894105211,True,-2.9973304385116917e-05,COMPLETE
131,1.0028708062071312,80,0.5015894092537259,True,-2.91925607833754e-05,COMPLETE
132,1.002873211281077,80,0.5025130006870611,True,-2.936268434011735e-05,COMPLETE
133,1.0036990916609878,370,0.5905110087261384,True,-1.777028577990003e-05,COMPLETE
134,1.004155520102511,230,0.8565936438576189,True,-3.369062560873437e-05,COMPLETE
135,1.0035514495257551,310,0.518755840058782,True,-1.4710885957114339e-05,COMPLETE
136,1.0036716647951462,290,0.6347717471001504,True,-3.893615071537404e-05,COMPLETE
137,1.0032000477232668,80,0.6195876258075901,True,-4.4189292039059636e-05,COMPLETE
138,1.0032525123255305,130,0.5124566421189571,True,-4.663237882857052e-05,COMPLETE
139,1.0043236089359253,260,0.9179237452079173,True,-1.9683295005151757e-05,COMPLETE
140,2.00487240573753,20,0.5354367880042883,False,0.00030922156637944176,COMPLETE
141,1.002890672713563,80,0.5091875369646243,True,-3.056738633244738e-05,COMPLETE
142,2.0045665284985033,380,0.5041999649557618,False,3.3443273529942807e-06,COMPLETE
143,1.0028959329827751,80,0.5111877001524997,True,-3.091993816056737e-05,COMPLETE
144,1.0035569365256294,320,0.5235209502689171,True,-2.1923948170105012e-05,COMPLETE
145,1.0028709178318402,80,0.5016322982032295,True,-2.9200479256974443e-05,COMPLETE
146,1.0031301746495567,80,0.5958220512608343,True,-4.2261328065063e-05,COMPLETE
147,2.0045680981227116,50,0.6221190640029968,False,4.9139515611584805e-06,COMPLETE
148,1.0034428727340192,170,0.5977012294281083,True,-5.488969599648508e-05,COMPLETE
149,1.0033167490430315,210,0.5463103155209008,True,-6.056631762818565e-05,COMPLETE
150,1.002875064766939,80,0.5032240626989404,True,-2.9493093564453288e-05,COMPLETE
151,1.0033089314380175,220,0.5133811709689386,True,-5.550143610263958e-05,COMPLETE
152,1.0028681684699774,80,0.5005752710800101,True,-2.9004800328219504e-05,COMPLETE
153,1.0032548627515594,170,0.5060817643612741,True,-4.833908172172108e-05,COMPLETE
154,1.0029003261304756,80,0.5128544540118576,True,-3.12107419252472e-05,COMPLETE
155,1.003504795212231,270,0.5385481869851493,True,-3.9463529085181914e-05,COMPLETE
156,1.0032865596487741,160,0.5073661402965022,True,-3.955704310695807e-05,COMPLETE
157,1.0028823147710646,80,0.5059995151663763,True,-2.9997394005804034e-05,COMPLETE
158,2.004659744064211,40,0.5031593180884788,False,9.655989306062152e-05,COMPLETE
159,1.0035119865605018,240,0.5685540213387945,True,-4.4302875555013443e-05,COMPLETE
160,1.0033086838429566,120,0.5843879423863074,True,-5.391719474648338e-05,COMPLETE
161,1.0028718788768485,80,0.5020014623231556,True,-2.9268562870138348e-05,COMPLETE
162,1.0034075658695665,230,0.5041967242661294,True,-4.709689351758972e-05,COMPLETE
163,1.0028761691592085,80,0.5036474532151981,True,-2.957050940435857e-05,COMPLETE
164,1.0030779429168135,80,0.5776442580092194,True,-4.0414701390767416e-05,COMPLETE
165,2.004567617085345,60,0.5113823300241985,False,4.432914194218984e-06,COMPLETE
166,1.0028683877862867,80,0.5006596401885614,True,-2.9020458924000625e-05,COMPLETE
167,1.0036021465919283,250,0.61276899564286,True,-4.4367585167071066e-05,COMPLETE
168,2.0045938195256907,30,0.748003520711528,False,3.0635354540287096e-05,COMPLETE
169,1.0034320115883606,140,0.5937670989175406,True,-5.495706686714508e-05,COMPLETE
170,1.0034126236741128,150,0.5843999145432947,True,-5.732270632072267e-05,COMPLETE
171,1.0028816787349095,80,0.505756402034385,True,-2.9953520536918354e-05,COMPLETE
172,1.003257018180011,190,0.5081345759623385,True,-5.384194079893767e-05,COMPLETE
173,2.0052709691969026,10,0.5394429540512202,False,0.00070778502575225,COMPLETE
174,1.003099030286383,80,0.5850272427673224,True,-4.120359657128203e-05,COMPLETE
175,1.0028829735803986,80,0.5062512572141049,True,-3.0042763937726535e-05,COMPLETE
176,1.003587765072132,360,0.5064568970612439,True,-3.1015490823960157e-06,COMPLETE
177,1.003523246965621,290,0.5501536749723402,True,-3.2799343018752314e-05,COMPLETE
178,1.002869612066597,80,0.5011304504734622,True,-2.910771210301588e-05,COMPLETE
179,1.0028877560765235,80,0.5080764256520844,True,-3.0369854151390818e-05,COMPLETE
180,1.0028691101661118,80,0.5009374719766655,True,-2.9071974403327427e-05,COMPLETE
181,1.003482488612701,200,0.6066562248116124,True,-5.942852415546929e-05,COMPLETE
182,1.002867970818033,80,0.5004992286058811,True,-2.8990681176177535e-05,COMPLETE
183,1.003266294141292,200,0.5000979061246692,True,-5.437287172008198e-05,COMPLETE
184,2.0045643246542806,390,0.5058287821424219,False,1.1404831299632878e-06,COMPLETE
185,1.002881141460373,80,0.5055509827182416,True,-2.9916404555963005e-05,COMPLETE
186,1.0030155722932879,80,0.5554416516280205,True,-3.772184423486702e-05,COMPLETE
187,1.0030562974659614,90,0.5041139040646309,True,-3.74188117100438e-05,COMPLETE
188,1.0036172736412243,330,0.554962981257163,True,-1.9154763309492395e-05,COMPLETE
189,1.004096012124275,250,0.8336171436071746,True,-3.364866823216128e-05,COMPLETE
190,1.0035880243973263,370,0.5030999978434638,True,-1.6845564131673374e-06,COMPLETE
191,1.0028675014226736,80,0.500318610147821,True,-2.8957122317291306e-05,COMPLETE
192,2.004604592591304,50,0.5077073599661691,False,4.140842015362689e-05,COMPLETE
193,1.003235485153292,180,0.5037701382588156,True,-4.846730981108993e-05,COMPLETE
194,1.0028857250106886,80,0.507301793437849,True,-3.0231428442467623e-05,COMPLETE
195,1.0028702397581064,80,0.5013717310005597,True,-2.9152343758775956e-05,COMPLETE
196,1.0028705134266402,80,0.5014769051311825,True,-2.917178091738082e-05,COMPLETE
197,1.0030999648986456,80,0.5853530650098087,True,-4.1237186398812575e-05,COMPLETE
198,1.0031276656900499,120,0.5041017898592438,True,-4.70178087693951e-05,COMPLETE
199,1.003284967540368,140,0.5225732307145968,True,-5.004907472461184e-05,COMPLETE
200,1.0034464268971315,250,0.525356042663664,True,-3.7921236056670526e-05,COMPLETE
201,1.0028920496325913,80,0.5097115639310922,True,-3.0660129389792345e-05,COMPLETE
202,1.0035504245520277,280,0.572411873403762,True,-4.23240538912073e-05,COMPLETE
203,2.0046866777484347,30,0.5699193139104543,False,0.0001234935772840562,COMPLETE
204,1.0043670357161745,210,0.9408297074396185,True,-1.732793916123243e-05,COMPLETE
205,1.0030734716810366,80,0.5760709689766723,True,-4.023971653355218e-05,COMPLETE
206,1.002872771197971,80,0.5023440787387576,True,-2.9331631452106377e-05,COMPLETE
207,2.0045799469277434,400,0.5074268475025048,False,1.676275659295845e-05,COMPLETE
208,1.00289217744539,80,0.5097601899936163,True,-3.0668721720666925e-05,COMPLETE
209,1.0035419140368047,300,0.5039593658288436,True,-1.215881413013653e-05,COMPLETE
210,1.0028746216324032,80,0.5030541168854111,True,-2.946197024333852e-05,COMPLETE
211,1.0029099245810504,80,0.5164844925977634,True,-3.1834708520167565e-05,COMPLETE
212,1.002884515843605,80,0.5068402808427735,True,-3.0148678543229224e-05,COMPLETE
213,1.0032261327716827,210,0.5016868577099023,True,-5.7545876535003426e-05,COMPLETE
214,2.004917480715711,20,0.5019874545280799,False,0.00035429654456081705,COMPLETE
215,1.0028669373741097,80,0.5001015172949873,True,-2.891674441840575e-05,COMPLETE
216,1.0034168744531209,260,0.5005972532735333,True,-3.7014493893483547e-05,COMPLETE
217,1.0030687157660165,80,0.5743944610928831,True,-4.005059360223662e-05,COMPLETE
218,1.0039602145727526,110,0.8200294872733255,True,-4.0582274516226535e-05,COMPLETE
219,1.0032503908346126,150,0.5042904233722988,True,-5.160114048233244e-05,COMPLETE
220,1.002868778374053,80,0.500809874403501,True,-2.9048324651836932e-05,COMPLETE
221,1.0028732641735876,80,0.5025333006578977,True,-2.936641420644981e-05,COMPLETE
222,1.0029010340192812,80,0.5131227128444614,True,-3.125729271868938e-05,COMPLETE
223,1.0029062780060065,80,0.5151072599780923,True,-3.159948950062774e-05,COMPLETE
224,1.0028774970335617,80,0.5041562308868797,True,-2.9663306760990826e-05,COMPLETE
225,1.003562998672393,340,0.5223782293694402,True,-1.4305125363350824e-05,COMPLETE
226,1.0030696512088348,80,0.5747244632218043,True,-4.0088037135344035e-05,COMPLETE
227,1.0031671411962875,110,0.5134099174785701,True,-4.301574170703648e-05,COMPLETE
228,1.002869883578628,80,0.5012348266629953,True,-2.9127026399455858e-05,COMPLETE
229,1.0038904708701801,190,0.7791687279937446,True,-4.806044147082078e-05,COMPLETE
230,1.0034375811708935,280,0.5028372212631697,True,-3.545803212132159e-05,COMPLETE
231,1.003339355860106,100,0.5959727399276582,True,-5.2760002236640346e-05,COMPLETE
232,1.0028970610512697,80,0.5116160077016803,True,-3.099492502070533e-05,COMPLETE
233,1.0042802583078263,200,0.9111799794610599,True,-2.4165711039192406e-05,COMPLETE
234,1.002897733590806,80,0.511871253670128,True,-3.103952766109197e-05,COMPLETE
235,1.0034618989159985,290,0.5109528310169323,True,-2.8024716835162167e-05,COMPLETE
236,1.0028669473461598,80,0.5001053558709807,True,-2.8917458768512594e-05,COMPLETE
237,1.0039340576002773,380,0.7278383809263419,True,-2.654894342288272e-05,COMPLETE
238,1.0030812662297603,70,0.5656213018851757,True,-2.544006895427442e-05,COMPLETE
239,1.002871855951907,80,0.5019926581534363,True,-2.9266940696076604e-05,COMPLETE
240,2.0046057014313337,40,0.6168877619982254,False,4.25172601832835e-05,COMPLETE
241,1.0034285815797084,240,0.5206755548326423,True,-4.0197019863241756e-05,COMPLETE
242,1.0028787171564204,80,0.5046234455545776,True,-2.974830093702141e-05,COMPLETE
243,1.00344853442755,270,0.5023151490094658,True,-3.5363759716494636e-05,COMPLETE
244,1.0028739692974347,80,0.5028038768320737,True,-2.9416090817219187e-05,COMPLETE
245,1.0031354444923481,100,0.5053059500904462,True,-4.378528832868489e-05,COMPLETE
246,1.0028726143399915,80,0.5022838617906382,True,-2.9320555053197195e-05,COMPLETE
247,1.0035736610519719,350,0.516949043577543,True,-9.650561243079725e-06,COMPLETE
248,2.005365147931929,10,0.5072421295562614,False,0.0008019637607787622,COMPLETE
249,1.0030550110601013,80,0.5695456756082768,True,-3.948817887922118e-05,COMPLETE
250,1.003286024860546,220,0.5010430061392366,True,-5.441938088396325e-05,COMPLETE
251,1.0030550570892864,80,0.5695620053416408,True,-3.94901114738333e-05,COMPLETE
252,1.002870937996289,80,0.5016400456391389,True,-2.9201909454434904e-05,COMPLETE
253,1.0035970493473145,310,0.551165746673862,True,-1.9525159506733614e-05,COMPLETE
254,1.002873067259297,80,0.5024577230540315,True,-2.93525257276106e-05,COMPLETE
255,1.002869693304258,80,0.5011616817106189,True,-2.911349240267147e-05,COMPLETE
256,1.003077289705354,80,0.5774145858787346,True,-4.0389307263216656e-05,COMPLETE
257,1.0028686122144015,80,0.5007459667517669,True,-2.9036473629645565e-05,COMPLETE
258,1.0029204643261547,70,0.5040709028387563,True,-1.3522660778031437e-05,COMPLETE
259,1.003745653368873,180,0.7277922040457755,True,-5.1619834466831716e-05,COMPLETE
260,1.0033826150720107,160,0.557011426705873,True,-4.4881099298510474e-05,COMPLETE
261,1.0030416571285896,60,0.5679453481014594,True,-9.873481749606006e-06,COMPLETE
262,1.0035302525010739,320,0.5033028882047674,True,-1.8635357665025554e-05,COMPLETE
263,1.0030657613582445,80,0.5733514122736252,True,-3.9931545927379686e-05,COMPLETE
264,2.004565252233855,380,0.5096223785263508,False,2.068062704446705e-06,COMPLETE
265,1.0032842502139654,130,0.5285399621691321,True,-4.834329782421598e-05,COMPLETE
266,1.0028891842611887,80,0.5086206885078455,True,-3.0466763084990856e-05,COMPLETE
267,1.003559927302078,330,0.5120542656800002,True,-1.1806411100712122e-05,COMPLETE
268,1.0030980648686698,80,0.5846905575230517,True,-4.116877803311825e-05,COMPLETE
269,1.0044271779086429,160,0.9582809987095511,True,-1.131795215530973e-05,COMPLETE
270,1.004191454851942,140,0.884659260468021,True,-2.996139945102283e-05,COMPLETE
271,2.004722542777799,30,0.5209304527347874,False,0.00015935860664856305,COMPLETE
272,1.0028757151014362,80,0.503473407683946,True,-2.9538706802584302e-05,COMPLETE
273,1.0028695811931156,80,0.5011185810718517,True,-2.9105515056165876e-05,COMPLETE
274,1.0038926915486868,400,0.5855666963596408,True,-1.8047271354293404e-06,COMPLETE
275,1.0038168432491048,390,0.593995903463125,True,-1.6059323708156326e-05,COMPLETE
276,1.0032783860882766,190,0.5190237314045818,True,-5.473963755750488e-05,COMPLETE
277,1.0028753595169395,80,0.5033370822963232,True,-2.9513776007461523e-05,COMPLETE
278,1.0044998954305722,330,0.977469013149587,True,-5.152819673920339e-06,COMPLETE
279,1.0028719175924536,80,0.5020163305765665,True,-2.9271302183969672e-05,COMPLETE
280,1.003080020712707,80,0.5783744286012523,True,-4.049509216894065e-05,COMPLETE
281,1.0030398783361636,80,0.5641606409663059,True,-3.883668091192449e-05,COMPLETE
282,1.0041256525765925,280,0.8422718083948839,True,-3.254296773477772e-05,COMPLETE
283,1.0033285638426903,170,0.5434620848338187,True,-5.1864768615433876e-05,COMPLETE
284,1.003677236855413,360,0.5770377421736781,True,-1.6281330959128093e-05,COMPLETE
285,1.0028685843114395,80,0.5007352343376824,True,-2.903448302224443e-05,COMPLETE
286,1.0028787924418783,80,0.5046522654801631,True,-2.9753536792409552e-05,COMPLETE
287,1.0034622349467928,250,0.534841870536365,True,-3.891389198995565e-05,COMPLETE
288,1.0038770844500395,310,0.7148611058824532,True,-3.103514423960507e-05,COMPLETE
289,2.0046536279944074,40,0.5142735837591923,False,9.044382325704148e-05,COMPLETE
290,1.003735242387083,270,0.6667557989773338,True,-4.555799681596473e-05,COMPLETE
291,1.003612498966507,300,0.5554391185057712,True,-2.0065702402982666e-05,COMPLETE
292,1.003280446242888,140,0.5202602375489161,True,-4.981693007866106e-05,COMPLETE
293,1.0028680979579012,80,0.500548143837219,True,-2.8999764136838913e-05,COMPLETE
294,1.0045545125403879,320,0.996975543537798,True,-7.41091242512093e-07,COMPLETE
295,1.0035355200386462,340,0.5009644151213368,True,-1.0196391164785101e-05,COMPLETE
296,1.00364973804514,370,0.5541365158064249,True,-1.1925702176507347e-05,COMPLETE
297,1.0038851093076908,340,0.7190826335737254,True,-3.2982082109278554e-05,COMPLETE
298,1.0030390552712762,80,0.5638668059690568,True,-3.880031787178995e-05,COMPLETE
299,1.0030261535883573,80,0.5592480091862395,True,-3.821765822012435e-05,COMPLETE
300,1.0035312554092852,310,0.5036102123174868,True,-1.2173856794472915e-05,COMPLETE
301,1.0028806351273571,80,0.505357346478374,True,-2.98813799026465e-05,COMPLETE
302,1.0033015411754718,110,0.5744673356734356,True,-4.923167363099501e-05,COMPLETE
303,1.0035005650557962,230,0.5592045767371003,True,-5.1497043012299626e-05,COMPLETE
304,1.002888172144286,80,0.5082350208025511,True,-3.0398122703001462e-05,COMPLETE
305,1.003295619882541,180,0.5339306718291739,True,-5.129073079881974e-05,COMPLETE
306,2.0046051585295577,50,0.5062595607937767,False,4.1974358407165235e-05,COMPLETE
307,1.0042767565241202,170,0.91189766875264,True,-2.3680536450437772e-05,COMPLETE
308,1.002872792512865,80,0.5023522610721411,True,-2.9333136250198066e-05,COMPLETE
309,1.0034106026794136,240,0.5098250818824731,True,-3.90161596188765e-05,COMPLETE
310,2.0045646703259923,390,0.5043739905441507,False,1.4861548418843018e-06,COMPLETE
311,1.0038710219301434,210,0.7750033367960094,True,-5.0816289792476876e-05,COMPLETE
312,1.0031250782692278,90,0.533745064373064,True,-4.138981941187447e-05,COMPLETE
313,1.0037366676702861,50,0.8112360096508113,True,-1.974957161651747e-05,COMPLETE
314,1.0033815796639867,200,0.5589085673941331,True,-5.827782563391781e-05,COMPLETE
315,1.0030701020363486,80,0.5748834608954696,True,-4.01060398017572e-05,COMPLETE
316,1.0028732483300968,80,0.5025272200312035,True,-2.9365297009309455e-05,COMPLETE
317,1.0028769864690514,80,0.5039606444089104,True,-2.9627663080705746e-05,COMPLETE
318,1.0034109348232263,230,0.5062842678358975,True,-4.730770789693195e-05,COMPLETE
319,1.0035979456337845,360,0.5152023956556449,True,-4.98126833065049e-06,COMPLETE
320,1.0028687653688448,80,0.5008048725731553,True,-2.90473972570926e-05,COMPLETE
321,1.003570246373841,260,0.5916015643167247,True,-4.502018151883447e-05,COMPLETE
322,1.0033697049175767,210,0.5711657034977144,True,-6.155180378752956e-05,COMPLETE
323,1.0030406043612252,80,0.5644197513006951,True,-3.886867677177497e-05,COMPLETE
324,2.0048035929491395,20,0.5916032120160339,False,0.0002404087779891706,COMPLETE
325,1.003143458682438,110,0.5020658033242804,True,-4.149393410649016e-05,COMPLETE
326,1.0036727080013623,340,0.5984802882610532,True,-2.560982084409691e-05,COMPLETE
327,1.0031387746492761,120,0.5092951419196995,True,-4.763361373710806e-05,COMPLETE
328,1.0038697954797624,200,0.7671842567730774,True,-5.0021609716843773e-05,COMPLETE
329,2.0045804639606963,400,0.5055595907958121,False,1.727978954588205e-05,COMPLETE
330,2.004563224524199,60,0.5273063275762774,False,4.0353048375019185e-08,COMPLETE
331,1.003060207850721,80,0.571387439466323,True,-3.970450827897598e-05,COMPLETE
332,1.0032390823219688,130,0.5055284728491095,True,-4.582708995584661e-05,COMPLETE
333,1.0028774837627514,80,0.5041511477096273,True,-2.966238087506734e-05,COMPLETE
334,1.003056228122794,80,0.5699773507031854,True,-3.953917938981366e-05,COMPLETE
335,1.0034527515527938,290,0.5048374780823945,True,-2.71696047137171e-05,COMPLETE
336,2.0047327133673445,30,0.508047328692094,False,0.0001695291961938683,COMPLETE
337,1.0028704978382994,80,0.501470914706166,True,-2.9170674120837514e-05,COMPLETE
338,1.0030287794997617,80,0.5601900563645198,True,-3.8338186734682145e-05,COMPLETE
339,1.003420946199772,260,0.5032184863990485,True,-3.7336975190011e-05,COMPLETE
340,1.0028732981346216,80,0.5025463345253512,True,-2.936880880505255e-05,COMPLETE
341,1.0032509620329417,150,0.5045901815274689,True,-5.1632647898924855e-05,COMPLETE
342,1.0035719224715118,270,0.5788262830112404,True,-4.279148872615712e-05,COMPLETE
343,2.0049122467030354,20,0.5057581545484645,False,0.0003490625318849361,COMPLETE
344,1.003310435396158,160,0.5200653180205064,True,-4.111743460052941e-05,COMPLETE
345,1.0028824917103776,80,0.5060671341970105,True,-3.0009586642759656e-05,COMPLETE
346,1.002883051178235,80,0.5062809035745534,True,-3.0048102851704117e-05,COMPLETE
347,1.0036102283913597,320,0.5612580740403975,True,-2.7143785296696032e-05,COMPLETE
348,1.0034034700730712,220,0.5619973208921903,True,-5.856737522799693e-05,COMPLETE
349,1.002868545032198,80,0.5007201259866654,True,-2.9031680592289666e-05,COMPLETE
350,1.003932294697942,100,0.8128583179704627,True,-4.3279331995021986e-05,COMPLETE
351,1.002878698899637,80,0.5046164565473629,True,-2.9747031088239728e-05,COMPLETE
352,1.003060924242511,80,0.5716410321393819,True,-3.973403548787613e-05,COMPLETE
353,2.0045642403147164,20,0.9805472676515967,False,1.0561435659084406e-06,COMPLETE
354,1.0031280897587163,100,0.5018047202874617,True,-4.3285786923003e-05,COMPLETE
355,2.005361032740417,10,0.5086087900202626,False,0.0007978485692668458,COMPLETE
356,1.0036568773491854,150,0.6904072429476844,True,-5.656438304874056e-05,COMPLETE
357,1.0037170536418998,330,0.6209348855835942,True,-2.7299558337579022e-05,COMPLETE
358,1.0036717749524091,70,0.7607661847134664,True,-3.775904726333046e-05,COMPLETE
359,1.0030408148617438,80,0.5644948623644445,True,-3.8877939505688186e-05,COMPLETE
360,1.0035886255568467,370,0.5036348705435564,True,-1.8042406243201636e-06,COMPLETE
361,1.0036351977530764,350,0.5629677559296702,True,-1.775868417028259e-05,COMPLETE
362,1.0032742517901267,200,0.5043264904748972,True,-5.47452545971161e-05,COMPLETE
363,1.0034502350344106,280,0.5111083386286328,True,-3.647575052354024e-05,COMPLETE
364,1.0035551311163673,330,0.5082507220150959,True,-1.1077048398866474e-05,COMPLETE
365,1.0028703416792106,80,0.5014109020946447,True,-2.9159584202576028e-05,COMPLETE
366,1.0030415627014106,80,0.5647616557046972,True,-3.8910796096858213e-05,COMPLETE
367,1.0029488056194094,70,0.515266632010691,True,-1.597688173132772e-05,COMPLETE
368,1.0030237019280126,80,0.5583675591665352,True,-3.8104227913421385e-05,COMPLETE
369,2.004581992970123,50,0.5722945017063144,False,1.8808798972730356e-05,COMPLETE
370,1.00291496047819,80,0.5183827082184732,True,-3.2155874362338466e-05,COMPLETE
371,1.0028711772478314,80,0.5017319635066136,True,-2.9218873270481227e-05,COMPLETE
372,1.0038976118366039,160,0.7775479883484896,True,-4.3313801879191205e-05,COMPLETE
373,1.0040666082365897,300,0.8030771086530775,True,-2.8432586384102843e-05,COMPLETE
374,1.0034735611501244,180,0.6163696562042176,True,-5.5199952576856504e-05,COMPLETE
375,1.0034431670642616,190,0.5978095722417414,True,-5.841699560382718e-05,COMPLETE
376,1.003279574426392,170,0.5188515451054667,True,-4.967573619094057e-05,COMPLETE
377,1.0028816078216392,80,0.5057292922877945,True,-2.9948624597431195e-05,COMPLETE
378,1.0028708460684428,80,0.5016047252046285,True,-2.919538873288885e-05,COMPLETE
379,1.0043316144888699,370,0.9127766165700676,True,-1.6656345114579585e-05,COMPLETE
380,1.0034084795359712,250,0.5019015343929712,True,-3.516049700949542e-05,COMPLETE
381,1.0028744570275612,80,0.5029909805732662,True,-2.9450400488406636e-05,COMPLETE
382,1.0034632483454748,270,0.5120381860574329,True,-3.656674967855711e-05,COMPLETE
383,1.0030140852710607,80,0.5549054001492792,True,-3.7650856482329687e-05,COMPLETE
384,1.0032375919469312,210,0.5074893018313451,True,-5.8029525772052004e-05,COMPLETE
385,1.003652669768068,380,0.5445111471906561,True,-5.488342503745525e-06,COMPLETE
386,1.0035636447131129,350,0.5089315409501071,True,-8.043587466532998e-06,COMPLETE
387,1.0042790143973277,360,0.8916187912651057,True,-1.9737936199776263e-05,COMPLETE
388,1.004294300853419,390,0.8853405485042732,True,-2.0403909606919735e-05,COMPLETE
389,1.0028748547007735,80,0.5031435049526294,True,-2.9478343993860623e-05,COMPLETE
390,1.0030621818795877,90,0.5066952089693728,True,-3.779609855844579e-05,COMPLETE
391,1.003549229957334,300,0.5095860492044589,True,-1.3126327539692006e-05,COMPLETE
392,1.0032560869576146,140,0.5076537362992034,True,-4.8471267320521205e-05,COMPLETE
393,1.004273923403859,130,0.9122069692417317,True,-2.344206954069117e-05,COMPLETE
394,2.004632173753138,40,0.556220285177855,False,6.898958198769956e-05,COMPLETE
395,2.0045709045233684,60,0.5000926496319055,False,7.720352218076876e-06,COMPLETE
396,1.0028708448821935,80,0.5016042694151837,True,-2.9195304578955028e-05,COMPLETE
397,1.0045267536622737,190,0.9891223359233459,True,-3.279281774959397e-06,COMPLETE
398,1.0032585855520504,180,0.5155147241542706,True,-4.965547823662653e-05,COMPLETE
399,1.0032891821523013,80,0.6490557293805433,True,-4.5814490609169534e-05,COMPLETE
400,1.0030637055866742,80,0.572624903620969,True,-3.9847999207143214e-05,COMPLETE
401,1.002868744771734,80,0.5007969508186334,True,-2.904592842620235e-05,COMPLETE
402,1.0041880142600528,340,0.8578583319930347,True,-2.546238216283303e-05,COMPLETE
403,1.0030003455083758,80,0.5499348549430139,True,-3.6979515394830464e-05,COMPLETE
404,1.0032699270317205,120,0.5679159904287393,True,-5.29586089436096e-05,COMPLETE
405,1.0030715542532422,80,0.5753954355010384,True,-4.016384104679749e-05,COMPLETE
406,1.002889432162878,80,0.5087151241131533,True,-3.0483548436793795e-05,COMPLETE
407,1.0040090092522886,90,0.8444520979824113,True,-3.55284397066391e-05,COMPLETE
408,1.0035676182585396,290,0.5767956031752832,True,-3.534625536782965e-05,COMPLETE
409,1.0028753313239451,80,0.5033262725854101,True,-2.951179838286966e-05,COMPLETE
410,1.0030355375862496,80,0.5626098821649907,True,-3.864381862500599e-05,COMPLETE
411,1.0033099328551671,90,0.6082409657738668,True,-4.788972163488614e-05,COMPLETE
412,1.0035600765222334,280,0.5779759419959742,True,-4.270700973202368e-05,COMPLETE
413,1.003017649640076,80,0.556190234947781,True,-3.7820470833838105e-05,COMPLETE
414,1.0036806265019622,310,0.6053961046475939,True,-2.570664319420657e-05,COMPLETE
415,1.0035313130727432,320,0.5041257393299869,True,-1.8775900194889505e-05,COMPLETE
416,1.0032794902324915,190,0.5195817177836507,True,-5.478309049619656e-05,COMPLETE
417,1.003532304652339,310,0.5044104792857581,True,-1.2312486873444772e-05,COMPLETE
418,1.002870818408004,80,0.5015940972373909,True,-2.9193426400786482e-05,COMPLETE
419,1.003304196690654,220,0.5108502025929196,True,-5.528950209063299e-05,COMPLETE
420,1.0037691018099133,390,0.5486758331516873,True,-8.139683973867884e-06,COMPLETE
421,1.00340087395006,150,0.5789015911183139,True,-5.710318019788718e-05,COMPLETE
422,1.0028758378631626,80,0.5035204672982725,True,-2.9547308720651033e-05,COMPLETE
423,1.0035113743440782,240,0.5682159411194262,True,-4.428019852203979e-05,COMPLETE
424,1.0028696361188325,80,0.501139697307387,True,-2.910942361281088e-05,COMPLETE
425,1.004476340870464,150,0.9741002886225247,True,-7.836988851234183e-06,COMPLETE
426,2.004852054234423,10,0.7192945863360142,False,0.0002888700632721619,COMPLETE
427,1.0038960677939621,230,0.7520804710276082,True,-4.795156466891326e-05,COMPLETE
428,1.0035351303463471,340,0.5006521454921922,True,-1.0133461041728076e-05,COMPLETE
429,1.0032864684406098,160,0.5073171357224682,True,-3.955075745179504e-05,COMPLETE
430,1.0030060831293746,80,0.5520139756504846,True,-3.7263261870063014e-05,COMPLETE
431,1.0028699210401995,80,0.5012492268064822,True,-2.9129690240464745e-05,COMPLETE
432,2.004659529217872,40,0.5035442511152738,False,9.63450467213467e-05,COMPLETE
433,1.0040316921091779,390,0.7475497835193223,True,-2.8396852259054972e-05,COMPLETE
434,2.0051662699028743,10,0.5778398046346342,False,0.0006030857317240734,COMPLETE
435,1.0044025458406494,40,0.9696972709798459,True,-4.486446813944944e-06,COMPLETE
436,1.0028849046434085,80,0.5069887054152521,True,-3.017531395491102e-05,COMPLETE
437,1.0032734000537562,100,0.5678782016421351,True,-5.0794499686646066e-05,COMPLETE
438,1.0030464096461087,80,0.566488859126302,True,-3.912182758611382e-05,COMPLETE
439,1.0033784118932543,130,0.5740995565243595,True,-5.198695685446064e-05,COMPLETE
440,1.003598021904843,360,0.5152670954502688,True,-4.994914660577665e-06,COMPLETE
441,1.0028815849770343,80,0.5057205587327708,True,-2.9947047190698184e-05,COMPLETE
442,2.0045672073525767,380,0.5013621475135536,False,4.0231814264213295e-06,COMPLETE
443,2.004604938413633,50,0.506821877056832,False,4.1754242482788806e-05,COMPLETE
444,2.004563638213133,400,0.5745307553516815,False,4.540419825671549e-07,COMPLETE
445,1.0034133620112238,230,0.5077834182472435,True,-4.745696919336573e-05,COMPLETE
446,2.004671515631436,30,0.592700199780881,False,0.00010833146028538243,COMPLETE
447,2.004630709710115,20,0.7882231650057907,False,6.752553896421931e-05,COMPLETE
448,1.0030342478234004,80,0.5621485793297355,True,-3.858599528783202e-05,COMPLETE
449,1.004551986848596,80,0.9973242543253755,True,-8.044130264672766e-07,COMPLETE
450,1.003411306109014,240,0.5102535117665834,True,-3.906453998284154e-05,COMPLETE
451,1.0030069319744823,80,0.5523211461321096,True,-3.730482519190281e-05,COMPLETE
452,1.0028720186015452,80,0.5020551206085784,True,-2.9278447810254793e-05,COMPLETE
453,1.003486472595855,260,0.5437230336539902,True,-4.1627307563130156e-05,COMPLETE
454,1.0028715845166396,80,0.501888408063654,True,-2.9247726799908058e-05,COMPLETE
455,1.0031246905872984,120,0.5027043252431503,True,-4.6848100362095746e-05,COMPLETE
456,1.003267063325074,170,0.5124176510810119,True,-4.9019428941504684e-05,COMPLETE
457,1.0028688009757951,80,0.5008185670079573,True,-2.9049936298958245e-05,COMPLETE
458,1.0030351999855065,80,0.5624891576338678,True,-3.862870611631708e-05,COMPLETE
459,1.0028724197234196,80,0.5022091433644775,True,-2.930680631296756e-05,COMPLETE
460,1.0041470099245604,120,0.8802125960880864,True,-3.095716226364509e-05,COMPLETE
461,2.0048609232418166,20,0.5443398096272829,False,0.0002977390706662142,COMPLETE
462,1.0035555067641975,250,0.5878763935547332,True,-4.3149013417981275e-05,COMPLETE
463,1.0030507397996113,80,0.568029052496527,True,-3.9307555127959803e-05,COMPLETE
464,2.0045704371962954,40,0.7313613271150243,False,7.253025144760006e-06,COMPLETE
465,2.0046104669995612,10,0.9056286261508643,False,4.72828284109883e-05,COMPLETE
466,1.0031726115600168,110,0.5160031137378098,True,-4.33474725529126e-05,COMPLETE
467,1.0035828585301756,140,0.6601449718360122,True,-5.562830443237021e-05,COMPLETE
468,1.0028726608936251,80,0.5023017339460768,True,-2.9323842854311888e-05,COMPLETE
469,1.003635229914918,370,0.5427682106285433,True,-9.850777140107958e-06,COMPLETE
470,1.0033936589780637,140,0.5758927652700534,True,-5.4132329419004366e-05,COMPLETE
471,1.0038301400023446,370,0.6745091222732096,True,-2.6640829018070855e-05,COMPLETE
472,1.0039552076939646,260,0.7753039226138178,True,-4.115763434084374e-05,COMPLETE
473,1.0028711170576055,80,0.5017088400414307,True,-2.9214606516836383e-05,COMPLETE
474,1.0035465145680396,330,0.5013221997108038,True,-9.715808376914437e-06,COMPLETE
475,1.0032011909454328,70,0.6087426881584292,True,-3.149517366698995e-05,COMPLETE
476,1.0030738338332341,80,0.5761985022764882,True,-4.025399102980387e-05,COMPLETE
477,1.0032695793535145,200,0.5018469328387879,True,-5.452861794541519e-05,COMPLETE
478,1.0029183541943871,70,0.5032309016851778,True,-1.3333386251923596e-05,COMPLETE
479,1.0033035166752706,150,0.5315905441254153,True,-5.4159523821817324e-05,COMPLETE
480,1.0041532347546944,220,0.8672884208797048,True,-3.413538045868303e-05,COMPLETE
481,1.0044726382309082,70,0.9777858569168344,True,-5.959744874883821e-06,COMPLETE
482,1.0036262504626836,300,0.5648242767173226,True,-2.1278464867713343e-05,COMPLETE
483,1.0028834582470683,80,0.5064364072936919,True,-3.0076092955244604e-05,COMPLETE
484,1.003527660146331,120,0.6715442880587634,True,-5.50624345402595e-05,COMPLETE
485,1.002870252750749,80,0.5013767245360572,True,-2.915326685470898e-05,COMPLETE
486,1.0032538624915242,190,0.5065115184645702,True,-5.370003824700653e-05,COMPLETE
487,2.0053780684527025,10,0.5029735830850783,False,0.0008148842815521584,COMPLETE
488,1.0028747936580276,80,0.5031200943390687,True,-2.9474056484013467e-05,COMPLETE
489,1.0030455339215425,80,0.5661770457617342,True,-3.908394519727687e-05,COMPLETE
490,1.0030330522203856,80,0.561720737769355,True,-3.8532180684391903e-05,COMPLETE
491,2.0047227210695713,30,0.5207012049239271,False,0.00015953689842093666,COMPLETE
492,1.0032431174246574,130,0.507617976466936,True,-4.6074291400827194e-05,COMPLETE
493,1.0030236358112996,80,0.5583438028009342,True,-3.810115685060067e-05,COMPLETE
494,2.0045779440909928,400,0.5147802583311764,False,1.4759919842510794e-05,COMPLETE
495,1.0032642730503825,80,0.6409120398249054,True,-4.545009150336288e-05,COMPLETE
496,1.0034655087286963,290,0.5133453561403833,True,-2.8351165521356414e-05,COMPLETE
497,1.0034389742075827,280,0.5037543879065427,True,-3.557356459635286e-05,COMPLETE
498,1.003564658820037,350,0.5097509547514029,True,-8.210471055286606e-06,COMPLETE
499,1.003759072739276,280,0.6826954947923758,True,-4.532412478017167e-05,COMPLETE
500,1.003467163412867,270,0.5145944234359913,True,-3.6870500436242404e-05,COMPLETE
501,1.0033288170153165,210,0.552048559154122,True,-6.083810378873511e-05,COMPLETE
502,2.004563786536264,390,0.5081105266666666,False,6.023651138997721e-07,COMPLETE
503,1.002873951498803,80,0.5027970480872318,True,-2.941483796772837e-05,COMPLETE
504,1.0032417791793808,140,0.5001311614972094,True,-4.7603549361480146e-05,COMPLETE
505,1.003607898699886,230,0.6170810999114462,True,-5.353429045412694e-05,COMPLETE
506,1.0042677933737305,380,0.8855338285256493,True,-1.95881489793992e-05,COMPLETE
507,1.0030424931300554,80,0.5650934753395764,True,-3.895156402392019e-05,COMPLETE
508,1.0043089395208147,110,0.9277629843657912,True,-1.977014215007178e-05,COMPLETE
509,1.002873275936533,80,0.5025378151691076,True,-2.9367243636890805e-05,COMPLETE
510,1.0037178282589383,380,0.5943504294787894,True,-1.4315003207920896e-05,COMPLETE
511,1.0034660153715467,170,0.6082038969696391,True,-5.5189298936914044e-05,COMPLETE
512,1.0039513699218268,330,0.7492202162759596,True,-3.219477682631089e-05,COMPLETE
513,1.0035474882782367,300,0.508253327000232,True,-1.2899455835879703e-05,COMPLETE
514,1.0040466568876094,270,0.8083660776302621,True,-3.703751533173927e-05,COMPLETE
515,1.0036210608046208,340,0.5642689690653504,True,-2.116464086898695e-05,COMPLETE
516,1.0028784588322248,80,0.5045245491261027,True,-2.973032778441631e-05,COMPLETE
517,1.003924194077335,350,0.7339434582940225,True,-3.123498691690041e-05,COMPLETE
518,1.0043895094654391,290,0.94027174883516,True,-1.3637073128069943e-05,COMPLETE
519,1.0034131980042174,220,0.5668089384333246,True,-5.8766908389518147e-05,COMPLETE
520,1.003453595772296,110,0.6379154304608954,True,-5.2161361877939294e-05,COMPLETE
521,1.0032344184479363,180,0.503222808838295,True,-4.8409178328462366e-05,COMPLETE
522,1.0028689844671872,80,0.5008891341698547,True,-2.906301703306524e-05,COMPLETE
523,1.0038626674336246,360,0.694236420566505,True,-2.8126717124959955e-05,COMPLETE
524,1.0036594819698603,320,0.5935795822341018,True,-3.066361878295565e-05,COMPLETE
525,1.0030517005544235,80,0.5683704202648708,True,-3.93484063731242e-05,COMPLETE
526,1.003024513739494,80,0.5586591982123453,True,-3.8141884175835195e-05,COMPLETE
527,1.0031809683007733,100,0.5265821424590454,True,-4.657614139497168e-05,COMPLETE
528,1.003433375033036,200,0.5838036783666497,True,-5.91036427380065e-05,COMPLETE
529,2.0049199594017897,20,0.50021143950687,False,0.00035677523063942784,COMPLETE
530,1.0028725950538946,80,0.5022764576545484,True,-2.9319192880766787e-05,COMPLETE
531,1.003422232382528,250,0.5105184309841588,True,-3.622544738413058e-05,COMPLETE
532,1.0030740461869618,90,0.5118726007972142,True,-3.853479500057211e-05,COMPLETE
533,1.0036617614324648,360,0.565716183911863,True,-1.4473233228645688e-05,COMPLETE
534,1.0028754274401912,80,0.5033631247315048,True,-2.9518539973877322e-05,COMPLETE
535,1.0034696363484887,160,0.5990374870889703,True,-4.775790321084883e-05,COMPLETE
536,2.0045816064882613,50,0.5735450983596683,False,1.8422317111022046e-05,COMPLETE
537,1.0030270895987983,80,0.5595839196205012,True,-3.826073498972016e-05,COMPLETE
538,1.002993378429798,60,0.550432118539331,True,-5.829558828857051e-06,COMPLETE
539,1.0028682943522205,80,0.5006236979669259,True,-2.9013789028919934e-05,COMPLETE
540,1.0030145019473358,80,0.5550556956423095,True,-3.767078055375017e-05,COMPLETE
541,1.0035913241550223,370,0.5060254019407355,True,-2.3359523557420214e-06,COMPLETE
542,1.0032333210748303,210,0.5053324344682533,True,-5.785291793047875e-05,COMPLETE
543,1.0036497489980252,330,0.5774805955845628,True,-2.236432887570139e-05,COMPLETE
544,1.0028758191988627,80,0.503513312679163,True,-2.9546001083680107e-05,COMPLETE
545,1.0030615831229968,80,0.5718742027161182,True,-3.976112947140509e-05,COMPLETE
546,1.0034913105602656,260,0.5465984614127625,True,-4.1882404325371825e-05,COMPLETE
547,1.0028748125243663,80,0.5031273298739753,True,-2.947538168479591e-05,COMPLETE
548,1.0029994324693636,80,0.549603540118057,True,-3.6933909897757244e-05,COMPLETE
549,1.0035324682852282,310,0.504535147355782,True,-1.2334037113564955e-05,COMPLETE
550,1.0044996948576033,280,0.978687633617644,True,-5.554247459960138e-06,COMPLETE
551,1.0028674515734137,80,0.5002994263254729,True,-2.895355609913719e-05,COMPLETE
552,1.002874977545572,80,0.5031906153568809,True,-2.948697035412562e-05,COMPLETE
553,1.003422051210906,260,0.5039275803317402,True,-3.742327601297113e-05,COMPLETE
554,1.0040477896111208,180,0.8370691487202315,True,-3.8208842612574845e-05,COMPLETE
555,1.0030319448797047,80,0.5613242945424665,True,-3.84821560092119e-05,COMPLETE
556,1.003322383281686,160,0.5263266905261301,True,-4.1836564110303565e-05,COMPLETE
557,1.0035263862506092,320,0.5002889343121921,True,-1.8115720780281785e-05,COMPLETE
558,2.004632152439805,40,0.556264620228792,False,6.896826865471217e-05,COMPLETE
559,1.0032921940288884,220,0.5043893088969409,True,-5.472501153658271e-05,COMPLETE
560,1.0034104105662265,230,0.5059599307711626,True,-4.727518099911787e-05,COMPLETE
561,1.0032526711857221,150,0.5054862820432807,True,-5.1726384248967916e-05,COMPLETE
562,1.0028688320951864,80,0.5008305353394206,True,-2.9052155159553505e-05,COMPLETE
563,1.0033845708715095,180,0.5762912191710148,True,-5.3995998793160416e-05,COMPLETE
564,1.003683719311876,350,0.5960673900433674,True,-2.241562994967361e-05,COMPLETE
565,1.0035811562193806,360,0.5006583151484659,True,-1.8167662177714927e-06,COMPLETE
566,1.0033984305704657,240,0.5023595807269138,True,-3.814996714565644e-05,COMPLETE
567,1.0045614551164535,390,0.9993201821971416,True,-1.5780159381972858e-07,COMPLETE
568,2.004581952695992,400,0.5002505828318664,False,1.8768524841283885e-05,COMPLETE
569,1.0033874007241614,190,0.5720865824996219,True,-5.776076524927065e-05,COMPLETE
570,1.0040850452459562,400,0.7507424800740113,True,-2.131746860103978e-05,COMPLETE
571,1.0030258902950562,80,0.5591534966728505,True,-3.820551819982976e-05,COMPLETE
572,1.002871206827243,80,0.5017433268811735,True,-2.9220969855053847e-05,COMPLETE
573,1.0028761283124803,80,0.5036317977089458,True,-2.956764994940797e-05,COMPLETE
574,1.0030197882880738,80,0.5569602383702039,True,-3.792134916910661e-05,COMPLETE
575,1.0028703835876946,80,0.5014270081380438,True,-2.9162560833656537e-05,COMPLETE
576,2.00466029332561,40,0.5021769851768233,False,9.710915445942936e-05,COMPLETE
577,1.004543644753848,300,0.9930607398651274,True,-1.5305800275811077e-06,COMPLETE
578,1.0032642612800318,110,0.5580533855992277,True,-4.78880383520397e-05,COMPLETE
579,1.0030385427379904,80,0.5636837815142628,True,-3.877762542381369e-05,COMPLETE
580,2.004723589756625,30,0.5195860322975892,False,0.00016040558547478212,COMPLETE
581,1.0036125317950428,210,0.6759691887231033,True,-6.022238180589112e-05,COMPLETE
582,1.0031321264325526,100,0.5037286601731203,True,-4.356167240521236e-05,COMPLETE
583,1.0032208671702108,80,0.6265530289107544,True,-4.4649919431066776e-05,COMPLETE
584,1.002868581931389,80,0.500734318883938,True,-2.9034313222209285e-05,COMPLETE
585,1.0045154284924322,230,0.9842297951506873,True,-4.50468935450643e-06,COMPLETE
586,1.0030354644408326,80,0.5625837270944255,True,-3.8640545693913175e-05,COMPLETE
587,1.0028899395644975,80,0.5089083798772939,True,-3.0517871352331305e-05,COMPLETE
588,1.0032618814103178,170,0.5097341736631423,True,-4.873540050448488e-05,COMPLETE
589,2.0046074168966537,50,0.500547078357499,False,4.423272550338475e-05,COMPLETE
590,1.003232710203502,120,0.5517534328230614,True,-5.178873225575309e-05,COMPLETE
591,1.0028735336784427,80,0.5026367279217516,True,-2.9385411434212916e-05,COMPLETE
592,1.0036543683586294,380,0.545897973000101,True,-5.765267069995916e-06,COMPLETE
593,2.004568000780562,60,0.5100387735812051,False,4.81660941178963e-06,COMPLETE
594,1.0036233192139308,310,0.5688610570242603,True,-2.1800051981157864e-05,COMPLETE
595,1.0030259003931297,80,0.5591571216941087,True,-3.820598399018049e-05,COMPLETE
596,1.0044022267980564,90,0.9569167232133633,True,-1.2019086858661154e-05,COMPLETE
597,1.0037828525975407,390,0.5624460671829308,True,-1.0752198734004237e-05,COMPLETE
598,1.002994201679548,80,0.5477029935509798,True,-3.667023055506369e-05,COMPLETE
599,1.002874016786828,80,0.5028220966592113,True,-2.9419433332261713e-05,COMPLETE
600,1.0035477594277609,280,0.5708659980864296,True,-4.221328849879358e-05,COMPLETE
601,1.0039195768336473,130,0.7933457270927327,True,-4.464677108051429e-05,COMPLETE
602,1.0031523190355078,60,0.6067407294577403,True,-1.7599447394128775e-05,COMPLETE
603,1.0033834402117372,130,0.5764498886322392,True,-5.212669250351243e-05,COMPLETE
604,1.0028784636901915,80,0.5045264090522713,True,-2.973066589009865e-05,COMPLETE
605,2.0052400827450367,10,0.5504597473476024,False,0.0006768985738863642,COMPLETE
606,1.0035160922133723,270,0.5455343446244186,True,-4.01335555146598e-05,COMPLETE
607,1.0030286854215762,70,0.5460019506291077,True,-2.2059454276135426e-05,COMPLETE
608,1.0035796868070497,290,0.5838250031994061,True,-3.592405573127344e-05,COMPLETE
609,1.0030493497957866,80,0.5675349340912154,True,-3.92482229361335e-05,COMPLETE
610,1.0028685973253135,80,0.5007402399273239,True,-2.9035411454020332e-05,COMPLETE
611,1.00287171427965,80,0.501938247773553,True,-2.9256913870068235e-05,COMPLETE
612,1.0031669890895198,90,0.5512535723754162,True,-4.336557850795342e-05,COMPLETE
613,1.003681995220105,370,0.5782782207817865,True,-1.5939847314544453e-05,COMPLETE
614,1.0035415115705821,340,0.5057340272639885,True,-1.1146819154428389e-05,COMPLETE
615,1.002866790830364,80,0.5000451056174646,True,-2.890624467835612e-05,COMPLETE
616,1.0030333527792092,80,0.5618283111000834,True,-3.854572823783209e-05,COMPLETE
617,1.0028827748176916,80,0.5061753147763625,True,-3.002908380708713e-05,COMPLETE
618,1.0032378240288113,130,0.504875483389055,True,-4.5749070225253874e-05,COMPLETE
619,2.0048206905821053,20,0.5769698969855461,False,0.00025750641095478866,COMPLETE
620,1.0033354650426907,200,0.5359869793315064,True,-5.708238856566572e-05,COMPLETE
621,1.002874594140706,80,0.5030435724282368,True,-2.9460038237699715e-05,COMPLETE
622,1.0031551233767315,110,0.5076774519333793,True,-4.2261104164359464e-05,COMPLETE
623,1.00346538479265,290,0.5132634048878564,True,-2.834005900381742e-05,COMPLETE
624,1.003773372825318,250,0.6969294151107389,True,-4.484714006319779e-05,COMPLETE
625,1.0031321691102653,120,0.5062117850014612,True,-4.727083044400726e-05,COMPLETE
626,1.003199457320389,80,0.6193893432794861,True,-4.4175486423575494e-05,COMPLETE
627,1.0034145157407313,250,0.5057004518924954,True,-3.563725623845215e-05,COMPLETE
628,1.0030213548464548,80,0.5575238350484929,True,-3.799481947514005e-05,COMPLETE
629,1.003384276553521,140,0.5714504959141817,True,-5.388496983513291e-05,COMPLETE
630,1.003619284865743,330,0.5563912734455144,True,-1.9371569026149782e-05,COMPLETE
631,1.0034392190746737,280,0.5039154352757189,True,-3.559378221404397e-05,COMPLETE
632,1.0035570212778806,350,0.5035356257959692,True,-6.929599562111033e-06,COMPLETE
633,2.0045636565121585,390,0.5086650228995011,False,4.7234100805648715e-07,COMPLETE
634,1.0030568865985634,80,0.5702108152404475,True,-3.956668644489181e-05,COMPLETE
635,2.004565042765006,380,0.510523622054975,False,1.8585938555137904e-06,COMPLETE
636,1.0028725467420239,80,0.5022579099236066,True,-2.9315780335936736e-05,COMPLETE
637,1.0028849074056536,80,0.5069897598084745,True,-3.0175503093338163e-05,COMPLETE
638,1.0030321824118718,80,0.561409349412185,True,-3.849290146720752e-05,COMPLETE
639,1.003244643217161,190,0.5017472452678613,True,-5.327136675617461e-05,COMPLETE
640,1.0028786094049946,80,0.504582195615686,True,-2.9740805451372587e-05,COMPLETE
641,1.0035216969358047,230,0.5710255194995146,True,-5.2129176550758105e-05,COMPLETE
642,1.0029202490970022,70,0.5039852658358848,True,-1.3503397318398447e-05,COMPLETE
643,1.0030259570088782,80,0.5591774454212141,True,-3.820859521252995e-05,COMPLETE
644,1.002875702449151,80,0.5034685573896847,True,-2.9537820105673962e-05,COMPLETE
645,1.003548272023358,330,0.5027455428406289,True,-9.998890284940165e-06,COMPLETE
646,1.0028788764109584,80,0.5046844083788976,True,-2.9759375392568455e-05,COMPLETE
647,1.0030498185924843,90,0.5012613708844186,True,-3.6994921664229574e-05,COMPLETE
648,1.0045376408438553,310,0.9909875875000708,True,-1.9748093158244995e-06,COMPLETE
649,1.003020339625334,80,0.5571586330130666,True,-3.794724718220177e-05,COMPLETE
650,1.003681041735725,300,0.6005199514537853,True,-2.5246693587499536e-05,COMPLETE
651,1.003547066390238,300,0.5079298670578476,True,-1.2844178190363209e-05,COMPLETE
652,1.003635513472389,240,0.633388907773895,True,-4.6991196501838806e-05,COMPLETE
653,1.0030099985265553,80,0.5534299318519076,True,-3.745408947103401e-05,COMPLETE
654,1.0040356273366433,80,0.8673739456764765,True,-3.145228493664498e-05,COMPLETE
655,1.0028699330003898,80,0.5012538242235253,True,-2.9130540660782245e-05,COMPLETE
656,1.0028721023381408,80,0.5020872761746156,True,-2.928437016935792e-05,COMPLETE
657,1.0038989384264478,290,0.7455149918693927,True,-3.835521980904977e-05,COMPLETE
658,1.003461748534662,270,0.5110555469870987,True,-3.644859810519874e-05,COMPLETE
659,1.0028765870755125,80,0.5038076126854247,True,-2.959974856037162e-05,COMPLETE
660,1.0033838066060263,170,0.5701919273132909,True,-5.366490977323779e-05,COMPLETE
661,1.003036271277498,80,0.5628721897670085,True,-3.867660574027876e-05,COMPLETE
662,1.0032777251424827,180,0.5250937511242953,True,-5.05407762844412e-05,COMPLETE
663,1.0028685582961547,80,0.5007252278605785,True,-2.903262695766462e-05,COMPLETE
664,1.0032753915589323,160,0.5013370226958768,True,-3.8768454996562784e-05,COMPLETE
665,1.0035677930873157,320,0.5314761327214272,True,-2.312380205818365e-05,COMPLETE
666,1.0032628746187917,210,0.5201218933830248,True,-5.8988513954832955e-05,COMPLETE
667,1.0038428642380561,60,0.817470425345977,True,-2.9892362085892632e-05,COMPLETE
668,1.00301980116573,80,0.5569648728136096,True,-3.79219545774967e-05,COMPLETE
669,1.0028715242471138,80,0.5018652585577064,True,-2.9243458773392517e-05,COMPLETE
670,1.0035852190594585,370,0.500592530049398,True,-1.1199912697545944e-06,COMPLETE
671,1.0030491528038898,80,0.5674648850909474,True,-3.9239792393341855e-05,COMPLETE
672,1.0036010741260235,340,0.5503059313832779,True,-1.9051485699833615e-05,COMPLETE
673,1.003248116466159,140,0.5034741635587258,True,-4.7995132660988427e-05,COMPLETE
674,1.0041993992528062,310,0.8618936819927239,True,-2.3140300234897326e-05,COMPLETE
675,1.003292489617283,220,0.504549203884812,True,-5.4739388789637466e-05,COMPLETE
676,1.0028761105704531,80,0.5036249975506558,True,-2.9566407836134623e-05,COMPLETE
677,1.003506523195801,250,0.5606134837627834,True,-4.1250516150864724e-05,COMPLETE
678,2.00538697009696,10,0.5000521860349847,False,0.0008237859258098112,COMPLETE
679,1.0034550981069599,150,0.6039330097732707,True,-5.789616501092332e-05,COMPLETE
680,2.004896238460037,20,0.5174691382576562,False,0.0003330542888865806,COMPLETE
681,2.0047340257476285,30,0.506412783191485,False,0.00017084157647820342,COMPLETE
682,1.0032318869105206,80,0.630219076176155,True,-4.487334124533837e-05,COMPLETE
683,2.004584910644301,50,0.563048337665067,False,2.1726473150907033e-05,COMPLETE
684,1.0030270723904946,80,0.5595777451583399,True,-3.825994417691603e-05,COMPLETE
685,1.0028673890555693,80,0.5002753665305666,True,-2.8949082944179638e-05,COMPLETE
686,1.0034917189930657,240,0.5572628903813068,True,-4.349691646851617e-05,COMPLETE
687,2.0045700155308617,400,0.5460690198200364,False,6.831359711106932e-06,COMPLETE
688,1.0036452616275056,220,0.6731470149853125,True,-5.839849189440138e-05,COMPLETE
689,1.0032700513195871,200,0.5020978209298647,True,-5.455075972712886e-05,COMPLETE
690,1.0029891230561292,80,0.5458537280626307,True,-3.6410283441312696e-05,COMPLETE
691,1.0028729920665582,80,0.5024288615161727,True,-2.934722053216099e-05,COMPLETE
692,1.002868915634471,80,0.5008626631818761,True,-2.905811078809939e-05,COMPLETE
693,1.0035883370450418,270,0.5882568770097316,True,-4.3383637113592055e-05,COMPLETE
694,1.003028705662068,80,0.5601635808808304,True,-3.8334811201357066e-05,COMPLETE
695,1.0028797322566814,80,0.505011949673322,True,-2.981881420907606e-05,COMPLETE
696,1.0032500943541511,150,0.5041347781757942,True,-5.1584750783983946e-05,COMPLETE
697,1.003440611158924,210,0.6032156503372702,True,-6.208646167513154e-05,COMPLETE
698,1.0028700399299801,80,0.5012949260913814,True,-2.9138142679907553e-05,COMPLETE
699,1.0036793713596517,360,0.5785750857228226,True,-1.651783329720269e-05,COMPLETE
700,2.0045703643421042,60,0.5019143376772723,False,7.1801709537466785e-06,COMPLETE
701,1.0045089730666075,350,0.9806630915411219,True,-4.413198976482846e-06,COMPLETE
702,1.0028717666983278,80,0.5019583800135634,True,-2.9260624205912356e-05,COMPLETE
703,1.0035459927469557,310,0.5147153560578713,True,-1.4051962435868148e-05,COMPLETE
704,1.0030176696567488,80,0.5561974449427513,True,-3.782141809974271e-05,COMPLETE
705,2.004674005137594,30,0.5888583587928321,False,0.00011082096644371431,COMPLETE
706,1.0035932846273403,360,0.5112256908563417,True,-4.135181459447024e-06,COMPLETE
707,1.0030100243469904,80,0.5534392618531747,True,-3.7455340383490965e-05,COMPLETE
708,1.0034908156782454,230,0.5536729319294734,True,-5.116314688977108e-05,COMPLETE
709,1.003297434140073,100,0.5782391229661841,True,-5.1604588850617805e-05,COMPLETE
710,2.004633436789284,40,0.5536035751997577,False,7.025261813356498e-05,COMPLETE
711,1.0036374415718103,350,0.5645538813501891,True,-1.80042708722572e-05,COMPLETE
712,1.0032338519374007,180,0.5029319478639969,True,-4.8378186182918004e-05,COMPLETE
713,1.00325156803811,170,0.5043601049574524,True,-4.814837410513362e-05,COMPLETE
714,1.0031968928513904,80,0.618527596942616,True,-4.411504080142903e-05,COMPLETE
715,1.0030081907547,80,0.5527764595099564,True,-3.736626442552016e-05,COMPLETE
716,1.0028764156683623,80,0.5037419275283851,True,-2.958775992289997e-05,COMPLETE
717,1.0034008077614234,240,0.503825389860683,True,-3.832349411586611e-05,COMPLETE
718,1.0031305223369686,100,0.5029647894586651,True,-4.3452547311945144e-05,COMPLETE
719,1.003271039467395,110,0.561065632405187,True,-4.815265560373372e-05,COMPLETE
720,1.0030295815756454,80,0.5604775998116435,True,-3.8374803492169374e-05,COMPLETE
721,1.003009989396573,80,0.5534266327841152,True,-3.745364713089727e-05,COMPLETE
722,1.0034470225083456,290,0.500967977235979,True,-2.6613158453703267e-05,COMPLETE
723,1.0040033244491973,370,0.7676491391854603,True,-2.8926272829965516e-05,COMPLETE
724,1.0028705131212856,80,0.5014767877872077,True,-2.9171759237139883e-05,COMPLETE
725,1.003665053604782,130,0.6974958259937855,True,-5.292410386159574e-05,COMPLETE
726,1.0028791558231651,80,0.5047913567695226,True,-2.977879478957557e-05,COMPLETE
727,1.0028693192440967,80,0.5010178670623711,True,-2.9086867188332644e-05,COMPLETE
728,1.0034579144948137,60,0.7057407968807846,True,-2.961827437758524e-05,COMPLETE
729,1.0035434175613485,260,0.5766878591498976,True,-4.41583607283802e-05,COMPLETE
730,1.003013852643206,80,0.5548214798057215,True,-3.7639721910870394e-05,COMPLETE
731,2.004567375173337,380,0.5006654019424589,False,4.191002186598736e-06,COMPLETE
732,2.004605303046983,50,0.5058909153288099,False,4.2118875832442004e-05,COMPLETE
733,1.0034174127511912,260,0.5009445477287814,True,-3.705753353622221e-05,COMPLETE
734,1.0042056919629434,350,0.8631391388678755,True,-2.400905484623017e-05,COMPLETE
735,1.0030270884555827,80,0.5595835094279297,True,-3.826068245421643e-05,COMPLETE
736,1.0042407419842434,100,0.908449755839832,True,-2.5236098815689667e-05,COMPLETE
737,1.0033909025902104,160,0.5611254037182684,True,-4.522871295484232e-05,COMPLETE
738,1.0043346867293947,250,0.9222448642481181,True,-1.8461318628371082e-05,COMPLETE
739,1.0033508623141216,190,0.5547360464377656,True,-5.70200395441367e-05,COMPLETE
740,1.0029962067555063,80,0.5484320080450222,True,-3.6771789665712706e-05,COMPLETE
741,1.0028703294832375,80,0.5014062149441261,True,-2.915871790146185e-05,COMPLETE
742,1.0034216060679333,220,0.5709413197288603,True,-5.89233343586959e-05,COMPLETE
743,1.003276943429638,50,0.6901215363167101,True,-9.073356372707453e-06,COMPLETE
744,1.0034452402491885,270,0.5001125125675019,True,-3.508075828209667e-05,COMPLETE
745,1.003244853039394,120,0.5570653679729732,True,-5.2198275811266015e-05,COMPLETE
746,1.0033371664537594,130,0.554516290244944,True,-5.0638667901087286e-05,COMPLETE
747,1.002884685905423,80,0.5069052053406315,True,-3.016033216043934e-05,COMPLETE
748,1.003415754371683,230,0.5092571297291104,True,-4.760195961811542e-05,COMPLETE
749,1.003706845788813,260,0.6624863351796743,True,-4.670341975904213e-05,COMPLETE
750,1.0032233121494234,90,0.5741868720924762,True,-4.553697844014715e-05,COMPLETE
751,1.0035917302233792,320,0.5485185743031369,True,-2.5515370329826093e-05,COMPLETE
752,2.0052128008645282,10,0.560399226847644,False,0.0006496166933779302,COMPLETE
753,1.0028766263862443,80,0.5038226762609611,True,-2.9602497321173926e-05,COMPLETE
754,1.003141563559701,110,0.5011495855701676,True,-4.136600600709861e-05,COMPLETE
755,1.0028668887323302,80,0.500082793185875,True,-2.8913259699059335e-05,COMPLETE
756,1.0030706784560648,70,0.5617076472036313,True,-2.4796947023675298e-05,COMPLETE
757,1.0030457512359845,80,0.5662544337288576,True,-3.909335595658758e-05,COMPLETE
758,1.0035068632383521,280,0.5465991964865056,True,-4.0225587923159445e-05,COMPLETE
759,2.0045647156413606,390,0.5041839009541295,False,1.531470210425212e-06,COMPLETE
760,1.003207263132788,80,0.6220074841598217,True,-4.4354685909270275e-05,COMPLETE
761,1.0030124252910249,80,0.5543063864389497,True,-3.757122869199603e-05,COMPLETE
762,2.0046598935627884,40,0.502891695371057,False,9.670939163797243e-05,COMPLETE
763,1.0032416664731942,190,0.5002016842120175,True,-5.312841404378488e-05,COMPLETE
764,1.0028749954945482,80,0.5031974984782864,True,-2.9488230537388915e-05,COMPLETE
765,1.0028685652260194,80,0.5007278933645084,True,-2.9033121381749627e-05,COMPLETE
766,1.0028737551814344,80,0.502721723847455,True,-2.94010154352764e-05,COMPLETE
767,1.0035723148462912,300,0.526869766867459,True,-1.593974256022812e-05,COMPLETE
768,1.00286740346258,80,0.500280911085956,True,-2.8950113828224433e-05,COMPLETE
769,1.0030340424943114,80,0.5620751179860929,True,-3.857676790033904e-05,COMPLETE
770,1.0033705612139168,200,0.5534994192315174,True,-5.803332267315109e-05,COMPLETE
771,2.004737183344032,30,0.502505046720386,False,0.00017399917288166145,COMPLETE
772,1.0032457917430775,210,0.5116115583309356,True,-5.835661823969107e-05,COMPLETE
773,1.0036777051457095,40,0.8221654785502083,True,-7.053238150728225e-06,COMPLETE
774,2.004564865644436,400,0.5687660800656773,False,1.6814732853864811e-06,COMPLETE
775,1.0030291615227633,80,0.5603270230086641,True,-3.835563859186375e-05,COMPLETE
776,1.0028785300228622,80,0.5045518048262199,True,-2.973528210931109e-05,COMPLETE
777,1.0030271379445124,80,0.5596012661750881,True,-3.8262956502943535e-05,COMPLETE
778,1.0033360918291663,150,0.5477875797490487,True,-5.538002437324718e-05,COMPLETE
779,1.0028761194469418,80,0.503628399735384,True,-2.9567029283028567e-05,COMPLETE
780,1.0036002135575706,330,0.5426534800260319,True,-1.7212027186214174e-05,COMPLETE
781,1.0030291721680518,60,0.563452477662193,True,-8.869040553055596e-06,COMPLETE
782,1.0036515661447463,310,0.5871987868977218,True,-2.3893968417953992e-05,COMPLETE
783,1.0038029343252652,390,0.5814702267006122,True,-1.4065420908870863e-05,COMPLETE
784,1.0033167850201894,140,0.5386233497701767,True,-5.153395117282744e-05,COMPLETE
785,1.0034119506376526,250,0.5040893619348398,True,-3.5436463921401096e-05,COMPLETE
786,1.0035294972193693,310,0.5022658201056612,True,-1.1939818222783671e-05,COMPLETE
787,1.0035670181947827,340,0.5254165712110095,True,-1.4855095032823007e-05,COMPLETE
788,1.0035331094248043,320,0.5055156471752628,True,-1.901200442355755e-05,COMPLETE
789,1.0032312640906373,130,0.501460284856981,True,-4.533506915918584e-05,COMPLETE
790,1.0028683350049272,80,0.5006393364464724,True,-2.9016691258598737e-05,COMPLETE
791,2.00489483009557,20,0.5185127334790832,False,0.0003316459244191994,COMPLETE
792,1.0036014388759957,350,0.5383629804087396,True,-1.3659898266821235e-05,COMPLETE
793,1.0036804355942313,370,0.5771439604280539,True,-1.5763187305867232e-05,COMPLETE
794,1.0030423979805132,80,0.5650595478019509,True,-3.8947400558819734e-05,COMPLETE
795,1.0038957159449522,300,0.7213256868605394,True,-3.1103721440051135e-05,COMPLETE
796,1.0032747354452827,160,0.5009810004256243,True,-3.872092679574335e-05,COMPLETE
797,1.0028716985479216,80,0.5019322056524719,True,-2.9255800240796104e-05,COMPLETE
798,1.0031813721703962,80,0.6132950899953176,True,-4.373245790220692e-05,COMPLETE
799,1.0035183116451747,290,0.5471074658280112,True,-3.2472142424827544e-05,COMPLETE
800,1.0028800626752348,80,0.5051383694576883,True,-2.9841727578860944e-05,COMPLETE
801,1.0030286856642494,80,0.5601564102605536,True,-3.8333896854231275e-05,COMPLETE
802,1.0030253090734143,80,0.5589448235785487,True,-3.8178683526873813e-05,COMPLETE
803,1.0028701640195437,80,0.5013426213652636,True,-2.914696212075185e-05,COMPLETE
804,1.0030636851672479,90,0.5073532153222996,True,-3.789131649725719e-05,COMPLETE
805,1.003373361701268,180,0.5710877820427507,True,-5.374301342625509e-05,COMPLETE
806,1.0031644098049328,120,0.5211342807702878,True,-4.8949801389780445e-05,COMPLETE
807,1.0030098899979671,80,0.5533907148477794,True,-3.744883055425974e-05,COMPLETE
808,1.0039199891618702,220,0.7832557442452448,True,-4.8380095203387485e-05,COMPLETE
809,1.003593016371108,370,0.5075157864731258,True,-2.6648043204846594e-06,COMPLETE
810,1.0036976719583075,380,0.579607474739745,True,-1.1945129513524222e-05,COMPLETE
811,1.0028706008025843,80,0.5015104819174757,True,-2.917798394808102e-05,COMPLETE
812,1.0028700287130168,80,0.5012906145835,True,-2.9137345319923957e-05,COMPLETE
813,2.0045801860176238,400,0.5065618411626677,False,1.7001846473518878e-05,COMPLETE
814,1.0028709974271195,80,0.5016628792881092,True,-2.9206124266462075e-05,COMPLETE
815,1.0028672546795594,80,0.5002236499499283,True,-2.8939465976735024e-05,COMPLETE
816,1.003032610492678,80,0.5615626146177025,True,-3.851224650155971e-05,COMPLETE
817,1.0028681435545093,80,0.5005656857615007,True,-2.9003020889289965e-05,COMPLETE
818,1.0039424193069193,240,0.7728183114892814,True,-4.1577377739576704e-05,COMPLETE
819,1.0030288450152491,80,0.5602135471414731,True,-3.834118115567109e-05,COMPLETE
820,1.0034663449080052,280,0.5214496202381381,True,-3.767171575189132e-05,COMPLETE
821,2.005380762642609,10,0.5020877297347079,False,0.0008175784714582746,COMPLETE
822,1.0032736544681267,200,0.5040100268861936,True,-5.471787715710663e-05,COMPLETE
823,1.003599725073745,360,0.5167087873877253,True,-5.2980025080084925e-06,COMPLETE
824,1.003692169950301,340,0.6107577864519075,True,-2.6951436797761907e-05,COMPLETE
825,2.004730474096139,20,0.6610105124068479,False,0.00016728992498871165,COMPLETE
826,1.002976421527808,70,0.5260255603344436,True,-1.8215316725689323e-05,COMPLETE
827,1.0033536857362746,170,0.5557449089294078,True,-5.276662930675524e-05,COMPLETE
828,1.0030488861610958,80,0.5673700598559437,True,-3.922837235267873e-05,COMPLETE
829,1.0028671577775137,80,0.5001863537430881,True,-2.8932528933767188e-05,COMPLETE
830,1.0035089964493036,240,0.5669010738527798,True,-4.419114858569828e-05,COMPLETE
831,1.0045011337132874,360,0.977567371701323,True,-4.96600312718809e-06,COMPLETE
832,1.0033806716832985,220,0.5505886058097107,True,-5.8019466487202465e-05,COMPLETE
833,1.0030274470467493,80,0.5597121646607612,True,-3.8277151950455446e-05,COMPLETE
834,1.003034777936097,80,0.5623382113119687,True,-3.860979038713963e-05,COMPLETE
835,1.0032161900050305,100,0.5426033907748917,True,-4.840052940521811e-05,COMPLETE
836,1.0028700367620624,80,0.5012937084289031,True,-2.9137917490207332e-05,COMPLETE
837,2.0046197892039217,30,0.6853181328747993,False,5.660503277113427e-05,COMPLETE
838,1.003028759722077,80,0.560182964891936,True,-3.833728266333658e-05,COMPLETE
839,1.002869351150631,80,0.5010301351317185,True,-2.9089139231996963e-05,COMPLETE
840,1.003542248660984,300,0.5042183790086644,True,-1.2203908299757149e-05,COMPLETE
841,2.0045686272573766,60,0.5078602363278695,False,5.4430862260757e-06,COMPLETE
842,1.0033806810921597,210,0.5762155871048249,True,-6.169107691916809e-05,COMPLETE
843,1.0035103315616092,260,0.5577643980248626,True,-4.281081169038581e-05,COMPLETE
844,2.0046206510737132,40,0.5811325918810157,False,5.746690256264175e-05,COMPLETE
845,2.005032149256797,10,0.6322219418065476,False,0.00046896508564681083,COMPLETE
846,2.004591820890453,50,0.5423673080211027,False,2.863671930256051e-05,COMPLETE
847,1.0030107185472463,80,0.5536900678962252,True,-3.748893517496743e-05,COMPLETE
848,1.0032235741744526,210,0.5003845580042288,True,-5.7433592896616315e-05,COMPLETE
849,1.0028784692647557,80,0.5045285433305408,True,-2.9731053864501256e-05,COMPLETE
850,1.003229673476075,80,0.6294838511602314,True,-4.482958542512128e-05,COMPLETE
851,1.0035387679385677,340,0.503557231469429,True,-1.071556215889724e-05,COMPLETE
852,1.0030138801588422,80,0.5548314064744737,True,-3.76410393420068e-05,COMPLETE
853,1.003229099644169,180,0.5004869784569544,True,-4.8114923352687855e-05,COMPLETE
854,1.0033572099089267,120,0.6045293701660576,True,-5.476872567078406e-05,COMPLETE
855,1.0032548778178845,170,0.5060896267668384,True,-4.833994691713639e-05,COMPLETE
856,1.0028792396045403,80,0.5048234223880625,True,-2.978461500308116e-05,COMPLETE
857,1.0034229686394176,260,0.5045155704598545,True,-3.749453533052893e-05,COMPLETE
858,1.0035498393705626,330,0.5040104689507071,True,-1.024897295301419e-05,COMPLETE
859,1.0035521413767066,250,0.5860416122729318,True,-4.303974692246304e-05,COMPLETE
860,1.0044436398854568,400,0.9474799884616408,True,-9.571880024622503e-06,COMPLETE
861,1.003291845503289,220,0.5042007268286848,True,-5.4708028273092735e-05,COMPLETE
862,1.0032486059022312,140,0.5037316114824321,True,-4.802489263761034e-05,COMPLETE
863,1.0035763364267356,350,0.5190626464781763,True,-1.0064591735303718e-05,COMPLETE
864,1.0045355815685144,380,0.9899948521291168,True,-2.199954271170368e-06,COMPLETE
865,1.003015741316587,80,0.555502584114383,True,-3.772989258923887e-05,COMPLETE
866,1.0034116642154882,230,0.506735200045666,True,-4.7352791994581533e-05,COMPLETE
867,1.0028678166993363,80,0.5004399297341771,True,-2.8979666971018503e-05,COMPLETE
868,1.0028674849482822,80,0.5003122702480104,True,-2.8955943787656313e-05,COMPLETE
869,1.0030048699792788,80,0.5515747859524032,True,-3.720367509918443e-05,COMPLETE
870,1.0036628141213015,100,0.7209135629839837,True,-5.262967252461781e-05,COMPLETE
871,2.0048291467622925,20,0.5699116228925453,False,0.0002659625911419494,COMPLETE
872,1.0029138260749848,70,0.5014252862314541,True,-1.2924105820127929e-05,COMPLETE
873,1.003271413801968,150,0.515231468009276,True,-5.270200767465427e-05,COMPLETE
874,1.0030053343617702,80,0.5517429298931908,True,-3.722651014742562e-05,COMPLETE
875,1.0045256514197285,260,0.9875845709071018,True,-3.321041495363275e-06,COMPLETE
876,1.0028814922809781,80,0.5056851198250452,True,-2.9940645646431285e-05,COMPLETE
877,1.0028749815722044,80,0.5031921595055716,True,-2.9487253065674235e-05,COMPLETE
878,1.0030007709573225,80,0.550089194514182,True,-3.700072368018059e-05,COMPLETE
879,1.0035515086546651,200,0.6376550739005523,True,-5.9206451979126884e-05,COMPLETE
880,2.004660570645884,40,0.5016819653488264,False,9.738647473381268e-05,COMPLETE
881,2.0045663274360868,380,0.5050465423160395,False,3.1432649361118337e-06,COMPLETE
882,1.0034129733992319,240,0.5112676989787039,True,-3.9178492087427186e-05,COMPLETE
883,2.0046945626370136,30,0.5586095614096814,False,0.00013137846586333546,COMPLETE
884,1.0028707627188738,80,0.5015726993906391,True,-2.9189475199586923e-05,COMPLETE
885,1.0028796434030696,80,0.5049779505207131,True,-2.9812649260829716e-05,COMPLETE
886,1.0034368815736558,280,0.5023759825557128,True,-3.539967879076511e-05,COMPLETE
887,1.0033878405041778,160,0.5596082621856974,True,-4.510218798403631e-05,COMPLETE
888,1.002869607640254,80,0.5011287487632338,True,-2.91073971218081e-05,COMPLETE
889,1.0036445623821377,300,0.5770432334090603,True,-2.275170482171629e-05,COMPLETE
890,1.0028744206096905,80,0.5029770113720521,True,-2.9447840101282097e-05,COMPLETE
891,1.0033663363027507,190,0.5621343602178381,True,-5.736525384988922e-05,COMPLETE
892,1.0032352413360506,80,0.6313322110976848,True,-4.4938583920212105e-05,COMPLETE
893,1.0030747016183106,80,0.5765040220511177,True,-4.028812258274894e-05,COMPLETE
894,2.0049046110495476,20,0.5113099431389587,False,0.00034142687839727737,COMPLETE
895,1.0030173516613912,80,0.5560828961388204,True,-3.780636241360047e-05,COMPLETE
896,1.0035311246428602,320,0.5039796670776463,True,-1.875099263912161e-05,COMPLETE
897,1.0031490865650583,120,0.5140815122099585,True,-4.818039933368601e-05,COMPLETE
898,1.0031266808426864,100,0.5011318973719923,True,-4.318849641188338e-05,COMPLETE
899,1.0032444972375711,110,0.5491969109740116,True,-4.706305907975494e-05,COMPLETE
900,1.0030455227265183,80,0.5661730589116692,True,-3.908346021833098e-05,COMPLETE
901,1.0028762711601429,80,0.5036865462601756,True,-2.9577648647055588e-05,COMPLETE
902,1.0034529480039547,290,0.5049696196950664,True,-2.7188396700073003e-05,COMPLETE
903,1.0035830218428605,360,0.5023052521386059,True,-2.184793705950483e-06,COMPLETE
904,1.0028696850729542,80,0.5011585172989976,True,-2.9112906774431124e-05,COMPLETE
905,1.003617136256115,310,0.564754447910286,True,-2.1294368382218654e-05,COMPLETE
906,2.0045815580445607,400,0.5016483873913431,False,1.837387341022123e-05,COMPLETE
907,1.0028761451679515,80,0.5036382580160731,True,-2.9568829943871222e-05,COMPLETE
908,2.0045654631855743,390,0.5010685859515462,False,2.279014423789416e-06,COMPLETE
909,1.0030357308258124,80,0.5626789763181265,True,-3.865246155471125e-05,COMPLETE
910,1.004560435780138,130,0.999197984154439,True,-2.4407458706909857e-07,COMPLETE
911,1.0035712756664732,270,0.5784515352309955,True,-4.276649199627669e-05,COMPLETE
912,1.003957999728647,400,0.6518827232385734,True,-1.285896058650371e-05,COMPLETE
913,1.0034413651137783,250,0.522284520462362,True,-3.7584520522465636e-05,COMPLETE
914,1.0030492778597562,90,0.5010227964706016,True,-3.695913806134321e-05,COMPLETE
915,1.0028754596243448,80,0.5033754641601034,True,-2.952079700574428e-05,COMPLETE
916,1.0029828494678525,80,0.5435638547780743,True,-3.608377790667583e-05,COMPLETE
917,1.003645573126802,320,0.5846704338730354,True,-2.9781005623175094e-05,COMPLETE
918,2.004567806839938,30,0.846296150674838,False,4.622668787646056e-06,COMPLETE
919,1.0033247368593912,130,0.5485039780452304,True,-5.015880836892195e-05,COMPLETE
920,1.0028681375759747,80,0.5005633857215305,True,-2.9002593891602757e-05,COMPLETE
921,1.0028669640678716,80,0.5001117925776593,True,-2.891865659240822e-05,COMPLETE
922,1.0030117498617308,80,0.5540625357921832,True,-3.753871300324341e-05,COMPLETE
923,1.0036935174466686,190,0.703979218007293,True,-5.553940142000169e-05,COMPLETE
924,1.0030166002508079,80,0.5558121620423004,True,-3.777072768132439e-05,COMPLETE
925,1.0028750631109582,80,0.5032234276820039,True,-2.9492977322048697e-05,COMPLETE
926,2.0053836857338116,10,0.5011282437420975,False,0.0008205015626613354,COMPLETE
927,1.0036533021432523,330,0.5798773347620506,True,-2.267973601374762e-05,COMPLETE
928,1.003157854530683,80,0.6053099580926956,True,-4.309711822367279e-05,COMPLETE
929,1.003368280930363,150,0.5634218044943227,True,-5.634804348608746e-05,COMPLETE
930,1.0036305002847847,280,0.6170626646621531,True,-4.470357802521807e-05,COMPLETE
931,1.0030057386791043,80,0.5518892988913374,True,-3.72463655606281e-05,COMPLETE
932,1.0028734362745408,80,0.5025993489549037,True,-2.9378546975128428e-05,COMPLETE
933,1.0036258272515317,340,0.5675350351684941,True,-2.1633921524599753e-05,COMPLETE
934,1.0032366841055478,130,0.5042833419091013,True,-4.56780048993799e-05,COMPLETE
935,1.0036738509095848,360,0.5745872786265442,True,-1.5899898200999463e-05,COMPLETE
936,1.00345470236424,270,0.5064136191051215,True,-3.588004182528137e-05,COMPLETE
937,1.0036136861103004,370,0.5252151342460297,True,-6.414802438403644e-06,COMPLETE
938,1.0033513806904073,140,0.5556473142889072,True,-5.286820119584923e-05,COMPLETE
939,1.0042068169287446,400,0.8267062601908909,True,-2.1291900730635582e-05,COMPLETE
940,1.0036340205309686,290,0.6144468422444828,True,-3.798222228887371e-05,COMPLETE
941,1.002873607104281,80,0.502664904125729,True,-2.939058495129987e-05,COMPLETE
942,1.0032760974444375,160,0.5017198249830994,True,-3.8819438624021485e-05,COMPLETE
943,1.0028686837187568,80,0.5007734690793508,True,-2.9041574144128557e-05,COMPLETE
944,1.0032433671630199,170,0.5000546181362732,True,-4.7660540260618944e-05,COMPLETE
945,1.00300150434872,60,0.5534064909968588,True,-6.540750359051994e-06,COMPLETE
946,1.0029986844497727,80,0.5493320114942084,True,-3.689645412888187e-05,COMPLETE
947,1.0032529609665264,190,0.5060471210864543,True,-5.3659049797954994e-05,COMPLETE
948,2.004607419787674,50,0.5005398306665112,False,4.4235616523446986e-05,COMPLETE
949,1.003142879293594,110,0.5017858265312587,True,-4.145492155357977e-05,COMPLETE
950,1.0030307857996952,80,0.5609091360746965,True,-3.842960541419749e-05,COMPLETE
951,1.002874120437523,80,0.5028618619797569,True,-2.9426727347070525e-05,COMPLETE
952,1.0035576078212916,350,0.5040165977795816,True,-7.029956746451571e-06,COMPLETE
953,1.0035389739161702,230,0.580525583096096,True,-5.255682632032688e-05,COMPLETE
954,1.0031497758394854,80,0.6025509255959723,True,-4.2863132351023125e-05,COMPLETE
955,1.002868119616015,80,0.5005564761923407,True,-2.9001311120741002e-05,COMPLETE
956,1.0039076484223728,140,0.7868496664425857,True,-4.644557264582572e-05,COMPLETE
957,1.0037968563343864,390,0.5758365454018651,True,-1.3120068138056107e-05,COMPLETE
958,1.0036646200361856,380,0.5541571850381382,True,-7.377360244587017e-06,COMPLETE
959,1.0028673045167096,80,0.5002428308908764,True,-2.8943033076905822e-05,COMPLETE
960,1.0035490147524486,330,0.5033454819941416,True,-1.0117676566639977e-05,COMPLETE
961,1.0035330577628438,310,0.5049839529213966,True,-1.2411515428578657e-05,COMPLETE
962,1.0030348408147525,80,0.5623607015585428,True,-3.8612610145372095e-05,COMPLETE
963,1.002867673805175,80,0.5003849457818775,True,-2.8969451156740655e-05,COMPLETE
964,1.0028683817433774,80,0.5006573156496837,True,-2.9020027591197817e-05,COMPLETE
965,1.0041422696141673,320,0.8390470112611172,True,-2.8749653452120327e-05,COMPLETE
966,1.0042764011180663,60,0.9307148362467201,True,-1.5780622623001728e-05,COMPLETE
967,1.0030138169714962,80,0.5548086105455781,True,-3.763801380676779e-05,COMPLETE
968,2.0051986420507535,10,0.5656389384387253,False,0.0006354578796032573,COMPLETE
969,1.0034286896463391,200,0.5815864031712423,True,-5.905005303352695e-05,COMPLETE
970,1.0035398800388649,300,0.5023814971330818,True,-1.1882946977959108e-05,COMPLETE
971,1.0044155931448644,140,0.9556775371351176,True,-1.2860891891647297e-05,COMPLETE
972,2.0046965616750105,30,0.5557950917190959,False,0.00013337750385988834,COMPLETE
973,1.0030047974381444,80,0.5515485172662883,True,-3.720010514854377e-05,COMPLETE
974,1.0031868159820985,90,0.5594020330717666,True,-4.419120744864058e-05,COMPLETE
975,1.0030037497237225,80,0.5511690289393388,True,-3.714845705235503e-05,COMPLETE
976,1.0029869308851047,80,0.5450542725259664,True,-3.6296872885116516e-05,COMPLETE
977,1.002994784869869,80,0.5479150958929376,True,-3.669983204104832e-05,COMPLETE
978,1.0034052483671643,240,0.5065533150698873,True,-3.864193989336351e-05,COMPLETE
979,1.003750571238566,350,0.6381585938185698,True,-2.6917497232437082e-05,COMPLETE
980,2.004573020201241,50,0.6031664014072551,False,9.83603009022116e-06,COMPLETE
981,1.0033571166294875,100,0.6033620705766451,True,-5.315532285157798e-05,COMPLETE
982,1.002872211723578,80,0.5021292792123447,True,-2.9292104700345822e-05,COMPLETE
983,1.0032740522754215,200,0.5042208037386167,True,-5.473612042050657e-05,COMPLETE
984,1.0035429406542848,290,0.5621393917738803,True,-3.401506017747247e-05,COMPLETE
985,1.002874105220373,80,0.5028560240802942,True,-2.9425656618009555e-05,COMPLETE
986,2.004567004610996,400,0.559066236611658,False,3.820439845286794e-06,COMPLETE
987,1.0042497733061813,190,0.9028061067681458,True,-2.5950617664000086e-05,COMPLETE
988,1.0032447793917658,150,0.5013380535152696,True,-5.128676607038529e-05,COMPLETE
989,2.0047320252351657,30,0.5089068584662715,False,0.00016884106401524046,COMPLETE
990,1.0028741261201328,80,0.5028640420423817,True,-2.9427127183789814e-05,COMPLETE
991,1.003642720384426,160,0.676064209909854,True,-4.914954209872535e-05,COMPLETE
992,1.0034686346024349,130,0.6151458346623172,True,-5.374688802006755e-05,COMPLETE
993,1.0031710300377927,80,0.6097920231041245,True,-4.346139551039685e-05,COMPLETE
994,1.0033166353175664,210,0.5462560248368568,True,-6.056361929102083e-05,COMPLETE
995,1.003001420932877,80,0.5503249322652486,True,-3.7033072290720837e-05,COMPLETE
996,1.0028812724139529,80,0.505601055695233,True,-2.992545573482497e-05,COMPLETE
997,1.0033982890319255,180,0.5826099401088811,True,-5.427333743734941e-05,COMPLETE
998,2.004629310305813,40,0.5622313109692403,False,6.612613466253081e-05,COMPLETE
999,1.003654941722767,170,0.6889804246706829,True,-5.439028353096398e-05,COMPLETE
